kind,degree,count
in,0,1
in,1,24
in,2,92
in,3,386
in,4,1092
in,5,2607
in,6,5093
in,7,8866
in,8,13746
in,9,18845
in,10,23482
in,11,26698
in,12,28142
in,13,27121
in,14,24322
in,15,20574
in,16,16006
in,17,11788
in,18,8253
in,19,5254
in,20,3427
in,21,1955
in,22,1058
in,23,584
in,24,310
in,25,153
in,26,59
in,27,33
in,28,18
in,29,6
in,30,3
in,31,1
in,32,1
out,0,0
out,1,132776
out,2,38093
out,3,18388
out,4,10909
out,5,7219
out,6,5264
out,7,4108
out,8,3159
out,9,2567
out,10,2145
out,11,1797
out,12,1544
out,13,1359
out,14,1171
out,15,1035
out,16,904
out,17,877
out,18,723
out,19,636
out,20,628
out,21,513
out,22,468
out,23,450
out,24,408
out,25,440
out,26,372
out,27,360
out,28,337
out,29,327
out,30,278
out,31,313
out,32,276
out,33,227
out,34,238
out,35,215
out,36,205
out,37,214
out,38,189
out,39,200
out,40,178
out,41,187
out,42,157
out,43,133
out,44,119
out,45,138
out,46,136
out,47,121
out,48,142
out,49,122
out,50,102
out,51,119
out,52,122
out,53,101
out,54,102
out,55,111
out,56,90
out,57,89
out,58,90
out,59,98
out,60,91
out,61,81
out,62,88
out,63,91
out,64,82
out,65,77
out,66,72
out,67,67
out,68,71
out,69,65
out,70,54
out,71,63
out,72,42
out,73,69
out,74,57
out,75,58
out,76,56
out,77,66
out,78,44
out,79,48
out,80,52
out,81,47
out,82,44
out,83,52
out,84,45
out,85,47
out,86,42
out,87,44
out,88,46
out,89,37
out,90,44
out,91,50
out,92,46
out,93,39
out,94,41
out,95,22
out,96,29
out,97,28
out,98,44
out,99,34
out,100,37
out,101,32
out,102,32
out,103,37
out,104,50
out,105,29
out,106,33
out,107,24
out,108,31
out,109,37
out,110,41
out,111,26
out,112,23
out,113,28
out,114,24
out,115,17
out,116,32
out,117,26
out,118,26
out,119,26
out,120,20
out,121,26
out,122,27
out,123,26
out,124,24
out,125,13
out,126,18
out,127,27
out,128,29
out,129,24
out,130,29
out,131,15
out,132,19
out,133,24
out,134,23
out,135,19
out,136,15
out,137,19
out,138,20
out,139,20
out,140,18
out,141,14
out,142,21
out,143,25
out,144,17
out,145,17
out,146,16
out,147,10
out,148,11
out,149,19
out,150,22
out,151,22
out,152,15
out,153,12
out,154,18
out,155,15
out,156,16
out,157,12
out,158,16
out,159,13
out,160,12
out,161,18
out,162,14
out,163,17
out,164,10
out,165,18
out,166,12
out,167,15
out,168,9
out,169,9
out,170,11
out,171,17
out,172,8
out,173,11
out,174,10
out,175,8
out,176,9
out,177,10
out,178,15
out,179,10
out,180,6
out,181,15
out,182,13
out,183,4
out,184,15
out,185,6
out,186,16
out,187,11
out,188,8
out,189,11
out,190,13
out,191,5
out,192,11
out,193,12
out,194,15
out,195,8
out,196,10
out,197,10
out,198,7
out,199,10
out,200,7
out,201,12
out,202,7
out,203,11
out,204,5
out,205,4
out,206,11
out,207,9
out,208,9
out,209,14
out,210,9
out,211,6
out,212,13
out,213,9
out,214,9
out,215,7
out,216,6
out,217,8
out,218,7
out,219,8
out,220,5
out,221,8
out,222,9
out,223,6
out,224,6
out,225,7
out,226,9
out,227,11
out,228,4
out,229,11
out,230,12
out,231,9
out,232,6
out,233,8
out,234,7
out,235,3
out,236,7
out,237,8
out,238,4
out,239,6
out,240,13
out,241,7
out,242,11
out,243,11
out,244,9
out,245,9
out,246,9
out,247,7
out,248,8
out,249,4
out,250,3
out,251,5
out,252,5
out,253,4
out,254,5
out,255,8
out,256,4
out,257,7
out,258,4
out,259,5
out,260,8
out,261,4
out,262,5
out,263,3
out,264,7
out,265,6
out,266,7
out,267,2
out,268,2
out,269,11
out,270,11
out,271,4
out,272,1
out,273,4
out,274,8
out,275,8
out,276,5
out,277,5
out,278,7
out,279,2
out,280,6
out,281,3
out,282,4
out,283,5
out,284,7
out,285,3
out,286,3
out,287,6
out,288,5
out,289,6
out,290,9
out,291,4
out,292,9
out,293,9
out,294,4
out,295,1
out,296,5
out,297,1
out,298,7
out,299,3
out,300,3
out,301,4
out,302,4
out,303,2
out,304,7
out,305,8
out,306,3
out,307,5
out,308,6
out,309,3
out,310,2
out,311,4
out,312,2
out,313,3
out,314,7
out,315,8
out,316,3
out,317,2
out,318,4
out,319,3
out,320,3
out,321,6
out,322,3
out,323,3
out,324,5
out,325,6
out,326,5
out,327,2
out,328,4
out,329,1
out,331,4
out,332,3
out,333,5
out,334,6
out,335,3
out,336,3
out,337,2
out,338,2
out,339,3
out,340,1
out,341,2
out,342,5
out,343,7
out,344,3
out,345,1
out,346,3
out,347,2
out,348,5
out,349,2
out,350,3
out,351,4
out,352,1
out,353,2
out,354,4
out,355,5
out,357,1
out,358,3
out,360,3
out,361,5
out,362,2
out,363,1
out,364,5
out,365,3
out,366,1
out,367,1
out,368,3
out,369,1
out,370,2
out,372,5
out,373,4
out,374,5
out,375,4
out,376,2
out,377,1
out,378,1
out,379,3
out,380,6
out,381,2
out,382,4
out,383,5
out,384,4
out,385,6
out,386,3
out,387,2
out,388,4
out,389,1
out,390,5
out,391,6
out,392,3
out,393,4
out,394,3
out,395,3
out,396,4
out,397,3
out,398,1
out,399,2
out,400,1
out,401,5
out,404,2
out,405,4
out,406,2
out,407,3
out,408,6
out,409,1
out,410,1
out,411,3
out,412,3
out,413,2
out,414,2
out,415,2
out,416,3
out,417,3
out,418,3
out,419,1
out,420,1
out,423,1
out,425,3
out,426,1
out,427,3
out,428,3
out,429,1
out,430,2
out,431,5
out,432,3
out,433,4
out,435,5
out,436,4
out,437,4
out,438,3
out,439,2
out,440,4
out,441,1
out,442,2
out,443,3
out,444,3
out,446,2
out,447,2
out,448,2
out,449,1
out,450,3
out,451,2
out,452,3
out,454,1
out,455,5
out,456,2
out,457,2
out,458,3
out,459,2
out,461,2
out,462,2
out,463,2
out,464,4
out,465,1
out,466,4
out,467,1
out,469,2
out,470,1
out,471,2
out,472,1
out,473,5
out,474,4
out,475,3
out,476,3
out,477,1
out,479,2
out,480,3
out,481,3
out,482,1
out,483,1
out,484,3
out,485,1
out,486,3
out,487,6
out,488,4
out,489,1
out,490,4
out,491,3
out,492,2
out,493,2
out,494,3
out,495,1
out,496,4
out,498,3
out,499,4
out,500,2
out,502,1
out,503,3
out,504,6
out,505,1
out,507,1
out,508,2
out,509,2
out,511,1
out,512,1
out,513,1
out,514,3
out,515,2
out,516,3
out,517,3
out,518,1
out,519,3
out,520,1
out,521,1
out,522,2
out,523,3
out,524,4
out,525,1
out,526,4
out,527,2
out,528,1
out,529,3
out,532,1
out,533,2
out,534,3
out,535,2
out,537,1
out,538,1
out,539,2
out,540,2
out,541,3
out,542,1
out,543,2
out,546,3
out,548,1
out,549,2
out,550,1
out,551,1
out,552,3
out,553,3
out,554,1
out,555,2
out,556,2
out,557,3
out,558,1
out,559,1
out,560,1
out,563,1
out,565,6
out,566,1
out,567,2
out,568,1
out,569,1
out,570,1
out,571,1
out,572,1
out,573,1
out,575,1
out,578,3
out,580,1
out,581,1
out,582,2
out,583,1
out,585,1
out,587,1
out,588,5
out,589,1
out,592,1
out,593,2
out,594,2
out,596,2
out,597,1
out,598,1
out,600,1
out,601,1
out,602,2
out,603,1
out,604,1
out,605,2
out,606,2
out,607,2
out,611,2
out,613,2
out,614,2
out,615,2
out,616,1
out,617,1
out,620,1
out,621,2
out,622,1
out,624,4
out,625,2
out,627,3
out,628,2
out,629,2
out,630,2
out,631,1
out,633,1
out,635,1
out,637,1
out,638,1
out,639,4
out,640,2
out,641,1
out,642,3
out,643,1
out,644,1
out,645,1
out,646,2
out,647,2
out,648,1
out,650,2
out,651,1
out,652,4
out,654,1
out,658,1
out,660,1
out,661,1
out,662,1
out,663,3
out,664,2
out,666,1
out,667,1
out,668,3
out,670,5
out,671,1
out,672,1
out,675,2
out,676,3
out,678,2
out,679,2
out,680,2
out,683,1
out,685,3
out,686,1
out,687,2
out,688,2
out,689,3
out,690,1
out,692,2
out,694,1
out,695,1
out,696,1
out,697,1
out,698,2
out,699,1
out,700,1
out,702,1
out,704,1
out,705,1
out,706,2
out,707,2
out,709,2
out,714,1
out,715,3
out,716,1
out,718,2
out,721,2
out,722,1
out,723,2
out,724,3
out,725,2
out,729,2
out,730,3
out,734,1
out,735,1
out,737,1
out,738,3
out,740,1
out,741,1
out,742,1
out,744,2
out,748,1
out,750,1
out,752,1
out,753,1
out,757,1
out,758,1
out,761,1
out,765,2
out,766,1
out,767,1
out,768,1
out,772,1
out,774,2
out,776,1
out,777,1
out,780,1
out,785,2
out,789,1
out,790,2
out,791,1
out,794,1
out,796,1
out,797,2
out,798,3
out,799,3
out,800,2
out,801,2
out,802,2
out,805,1
out,806,2
out,807,1
out,810,1
out,811,1
out,812,2
out,813,1
out,814,1
out,817,3
out,820,3
out,826,1
out,827,1
out,831,1
out,833,2
out,834,1
out,835,1
out,836,1
out,839,1
out,840,2
out,843,2
out,845,2
out,848,1
out,851,2
out,856,2
out,857,1
out,858,1
out,861,1
out,864,1
out,865,1
out,872,1
out,876,1
out,877,1
out,878,2
out,879,1
out,882,2
out,883,1
out,887,2
out,888,1
out,889,2
out,892,1
out,893,1
out,896,2
out,899,1
out,902,1
out,904,1
out,906,1
out,907,1
out,908,1
out,910,1
out,911,1
out,915,1
out,919,1
out,922,1
out,923,1
out,926,2
out,928,3
out,930,1
out,933,1
out,936,1
out,940,2
out,941,2
out,943,2
out,945,1
out,946,4
out,947,1
out,948,1
out,951,3
out,952,1
out,953,2
out,956,1
out,960,1
out,962,1
out,965,1
out,968,1
out,970,2
out,975,3
out,976,2
out,979,1
out,983,1
out,986,1
out,988,1
out,989,2
out,990,1
out,992,2
out,994,2
out,998,2
out,999,1
out,1000,1
out,1002,2
out,1003,2
out,1009,1
out,1014,3
out,1015,1
out,1017,1
out,1021,1
out,1025,1
out,1027,2
out,1035,1
out,1036,2
out,1040,1
out,1042,1
out,1043,1
out,1044,1
out,1045,1
out,1046,1
out,1047,2
out,1050,1
out,1052,1
out,1053,2
out,1055,1
out,1056,1
out,1057,2
out,1060,1
out,1063,1
out,1065,2
out,1067,1
out,1068,1
out,1071,1
out,1073,1
out,1074,1
out,1075,1
out,1077,2
out,1088,1
out,1089,1
out,1090,1
out,1091,1
out,1096,1
out,1098,1
out,1099,1
out,1100,1
out,1101,1
out,1103,1
out,1114,1
out,1116,2
out,1117,1
out,1121,1
out,1122,1
out,1124,1
out,1126,1
out,1128,1
out,1131,1
out,1133,1
out,1135,1
out,1136,1
out,1138,1
out,1140,2
out,1143,1
out,1146,1
out,1148,1
out,1155,1
out,1157,1
out,1158,1
out,1159,1
out,1160,1
out,1166,2
out,1168,2
out,1176,1
out,1181,1
out,1182,1
out,1184,2
out,1187,2
out,1194,1
out,1195,2
out,1198,1
out,1203,1
out,1204,1
out,1207,1
out,1209,2
out,1211,1
out,1214,1
out,1215,1
out,1227,1
out,1234,1
out,1235,1
out,1238,1
out,1239,1
out,1240,1
out,1242,1
out,1247,2
out,1249,2
out,1250,2
out,1256,1
out,1266,1
out,1270,1
out,1271,1
out,1277,1
out,1278,1
out,1285,1
out,1286,1
out,1287,1
out,1295,1
out,1300,1
out,1301,1
out,1316,1
out,1319,1
out,1321,1
out,1324,1
out,1327,1
out,1330,1
out,1332,1
out,1335,1
out,1336,2
out,1346,1
out,1347,2
out,1349,1
out,1355,1
out,1358,1
out,1362,1
out,1364,1
out,1365,2
out,1366,1
out,1367,1
out,1372,2
out,1373,1
out,1382,2
out,1388,1
out,1389,1
out,1399,1
out,1403,1
out,1405,2
out,1412,1
out,1414,1
out,1415,1
out,1421,1
out,1422,2
out,1425,1
out,1429,1
out,1431,2
out,1432,2
out,1435,2
out,1436,1
out,1437,1
out,1438,1
out,1441,1
out,1443,1
out,1444,1
out,1445,1
out,1452,1
out,1453,1
out,1454,1
out,1456,1
out,1457,1
out,1459,1
out,1462,1
out,1464,1
out,1467,1
out,1468,1
out,1477,1
out,1478,1
out,1484,1
out,1485,1
out,1486,1
out,1487,1
out,1488,1
out,1490,1
out,1498,1
out,1506,1
out,1507,1
out,1513,1
out,1514,1
out,1517,1
out,1521,1
out,1523,1
out,1526,1
out,1527,1
out,1531,1
out,1533,1
out,1534,1
out,1540,1
out,1554,2
out,1563,1
out,1570,1
out,1575,1
out,1577,3
out,1598,1
out,1611,1
out,1619,1
out,1624,1
out,1629,1
out,1635,1
out,1645,1
out,1648,1
out,1652,1
out,1654,1
out,1656,1
out,1661,1
out,1663,1
out,1666,1
out,1675,1
out,1678,1
out,1680,1
out,1681,1
out,1682,1
out,1683,3
out,1689,2
out,1698,1
out,1699,1
out,1701,1
out,1712,1
out,1715,1
out,1716,1
out,1719,1
out,1721,1
out,1725,1
out,1735,1
out,1736,1
out,1743,1
out,1744,1
out,1746,1
out,1755,1
out,1764,1
out,1766,1
out,1769,1
out,1775,2
out,1780,2
out,1783,1
out,1790,1
out,1798,1
out,1800,1
out,1808,1
out,1812,1
out,1815,1
out,1826,1
out,1833,1
out,1834,2
out,1841,1
out,1842,1
out,1844,1
out,1872,1
out,1898,1
out,1899,1
out,1900,1
out,1901,1
out,1902,1
out,1903,1
out,1906,1
out,1915,2
out,1924,1
out,1932,1
out,1953,1
out,1965,1
out,1971,1
out,1980,1
out,1996,1
out,2004,1
out,2022,1
out,2031,1
out,2034,2
out,2040,1
out,2051,1
out,2052,1
out,2071,1
out,2074,2
out,2083,1
out,2092,2
out,2113,1
out,2124,1
out,2128,1
out,2134,1
out,2139,1
out,2140,1
out,2142,1
out,2143,1
out,2145,1
out,2152,1
out,2162,1
out,2164,1
out,2165,1
out,2173,1
out,2187,1
out,2189,1
out,2192,1
out,2201,1
out,2213,1
out,2234,1
out,2242,1
out,2244,1
out,2253,1
out,2257,1
out,2275,1
out,2280,1
out,2284,1
out,2291,1
out,2306,1
out,2308,1
out,2310,1
out,2317,1
out,2320,1
out,2336,1
out,2342,1
out,2353,1
out,2365,1
out,2375,1
out,2383,1
out,2401,1
out,2406,2
out,2428,1
out,2439,2
out,2449,2
out,2470,1
out,2472,1
out,2475,1
out,2478,1
out,2491,1
out,2506,1
out,2508,1
out,2522,1
out,2529,1
out,2541,1
out,2547,1
out,2555,1
out,2559,1
out,2563,2
out,2572,1
out,2608,1
out,2626,1
out,2632,1
out,2635,1
out,2637,1
out,2643,1
out,2664,1
out,2674,1
out,2677,1
out,2684,1
out,2688,1
out,2694,1
out,2697,1
out,2713,2
out,2717,1
out,2727,1
out,2731,1
out,2733,1
out,2750,2
out,2754,1
out,2772,1
out,2812,1
out,2815,1
out,2864,1
out,2867,1
out,2869,1
out,2877,1
out,2878,1
out,2891,1
out,2896,1
out,2901,1
out,2916,1
out,2948,1
out,2968,1
out,2989,1
out,2994,1
out,2998,1
out,3001,1
out,3012,1
out,3031,1
out,3055,1
out,3074,1
out,3086,1
out,3121,1
out,3147,1
out,3160,1
out,3182,1
out,3196,1
out,3213,1
out,3216,1
out,3225,1
out,3231,1
out,3237,1
out,3267,1
out,3282,1
out,3286,1
out,3332,1
out,3356,1
out,3359,1
out,3399,1
out,3421,1
out,3424,1
out,3443,1
out,3448,1
out,3455,1
out,3464,1
out,3470,1
out,3511,1
out,3538,1
out,3539,1
out,3560,1
out,3575,1
out,3619,2
out,3651,2
out,3674,1
out,3701,1
out,3706,1
out,3725,1
out,3734,1
out,3739,1
out,3764,1
out,3770,1
out,3816,1
out,3832,1
out,3845,1
out,3860,1
out,3866,1
out,3914,1
out,3920,1
out,3948,1
out,4000,1
out,4003,1
out,4025,1
out,4052,1
out,4057,1
out,4092,1
out,4111,1
out,4143,1
out,4168,1
out,4179,1
out,4229,1
out,4231,1
out,4282,1
out,4326,1
out,4347,1
out,4348,1
out,4388,1
out,4399,1
out,4445,1
out,4451,1
out,4499,1
out,4501,1
out,4584,1
out,4588,1
out,4611,1
out,4651,1
out,4675,1
out,4681,1
out,4708,1
out,4726,1
out,4754,1
out,4763,1
out,4798,1
out,4804,1
out,4808,1
out,4852,1
out,4865,1
out,4881,1
out,4943,1
out,4967,1
out,4971,1
