rho,noise,network,n_sens,expect,ga_acc,rnd_acc,drop_s,drop_i,share_i
0.5,0.5,0,8,2.8928,0.7545454545454545,0.32727272727272727,0.034090909090909075,,
0.5,0.5,1,5,1.6912,0.9636363636363636,0.3090909090909091,0.12727272727272723,0.1575757575757575,0.5531914893617021
0.5,0.5,2,3,0.2,0.9181818181818182,0.23636363636363633,0.07878787878787875,0.05454545454545455,0.4090909090909092
0.5,0.5,3,4,1.6496,0.8181818181818182,0.2909090909090909,0.13181818181818186,0.08636363636363636,0.39583333333333326
0.5,0.5,4,6,1.2624,0.9272727272727272,0.19999999999999998,0.17575757575757567,0.08636363636363631,0.3294797687861271
0.5,0.5,5,5,0.6912,1.0,0.3363636363636363,0.08545454545454541,0.0606060606060606,0.4149377593360997
0.5,0.5,6,6,2.48,0.7727272727272727,0.3454545454545454,0.06666666666666658,0.09090909090909086,0.5769230769230771
0.5,0.5,7,6,2.4496,0.7727272727272727,0.42727272727272725,0.027272727272727216,0.0454545454545454,0.6250000000000002
0.5,0.5,8,4,2.3312,0.5818181818181818,0.3363636363636363,0.047727272727272646,0.034090909090909054,0.4166666666666668
0.5,0.5,9,2,0.2288,1.0,0.40909090909090906,0.0909090909090909,0.07575757575757575,0.4545454545454546
0.5,0.5,10,5,2.2464,0.8909090909090909,0.44545454545454544,0.10727272727272723,0.045454545454545366,0.2976190476190473
0.5,0.5,11,2,3.6688,0.7636363636363637,0.29999999999999993,0.0727272727272727,0.07575757575757575,0.5102040816326532
0.5,0.5,12,3,0.7184,0.9545454545454546,0.3636363636363636,0.13939393939393943,0.08181818181818182,0.36986301369863006
0.5,0.5,13,6,2.1856,0.9636363636363636,0.509090909090909,0.11212121212121208,0.09999999999999995,0.47142857142857136
0.5,0.5,14,6,2.3168,0.8909090909090909,0.40909090909090906,0.08939393939393932,0.14090909090909087,0.6118421052631581
0.5,0.5,15,3,0.376,0.9818181818181818,0.3727272727272727,0.13030303030303028,0.1127272727272727,0.46384039900249374
0.5,0.5,16,2,0.6688,1.0,0.3636363636363636,0.11363636363636359,0.0363636363636363,0.24242424242424218
0.5,0.5,17,6,2.5408,0.5818181818181818,0.2818181818181818,0.09545454545454539,0.049999999999999996,0.3437500000000001
0.5,0.5,18,3,1.1376,0.9363636363636364,0.3818181818181817,0.18484848484848482,0.05272727272727272,0.22193877551020408
0.5,0.5,19,2,0.576,0.8272727272727273,0.3181818181818182,0.15909090909090912,0.09848484848484844,0.3823529411764704
0.5,0.5,20,7,1.0016,0.9636363636363636,0.3727272727272727,0.12467532467532462,0.0545454545454545,0.30434782608695643
0.5,0.5,21,6,1.9152,0.7818181818181819,0.2545454545454545,0.15151515151515152,0.1136363636363636,0.4285714285714285
0.5,0.5,22,4,1.1216,0.9090909090909092,0.5,0.08636363636363628,0.07272727272727267,0.4571428571428572
0.5,0.5,23,7,1.784,0.9090909090909092,0.3454545454545454,0.16363636363636358,0.0,0.0
0.5,0.5,24,7,2.0544,0.7636363636363637,0.3818181818181818,0.053246753246753244,0.0454545454545455,0.46052631578947395
0.5,0.5,25,7,2.0944,0.8454545454545455,0.309090909090909,0.11948051948051944,0.0818181818181817,0.40645161290322557
0.5,0.5,26,4,2.488,0.7090909090909091,0.20909090909090908,0.1136363636363636,0.12045454545454545,0.5145631067961165
0.5,0.5,27,4,0.472,0.9818181818181818,0.39999999999999997,0.14090909090909085,0.05454545454545458,0.27906976744186063
0.5,0.5,28,4,2.88,0.7909090909090909,0.3909090909090909,0.12499999999999992,0.047727272727272674,0.2763157894736841
0.5,0.5,29,6,2.0384,0.8181818181818182,0.3181818181818182,0.1484848484848485,0.06363636363636364,0.3
0.5,0.5,30,7,2.0928,0.9545454545454546,0.42727272727272725,0.04675324675324675,0.0,0.0
0.5,0.5,31,5,2.9632,0.7818181818181819,0.2636363636363636,0.06727272727272729,0.036363636363636404,0.35087719298245634
0.5,0.5,32,6,2.4352,0.7636363636363637,0.40909090909090906,0.04242424242424245,0.06363636363636364,0.5999999999999999
0.5,0.5,33,8,2.2288,0.8454545454545455,0.4545454545454545,0.07727272727272723,,
0.5,0.5,34,6,2.3168,0.4909090909090909,0.23636363636363633,-1.7925475918427008e-17,0.0136363636363636,1.0000000000000013
0.5,0.5,35,7,3.3056,0.6181818181818182,0.2818181818181818,0.011688311688311684,0.1181818181818181,0.91
0.5,0.5,36,6,2.2176,0.8454545454545455,0.309090909090909,0.1621212121212121,0.04545454545454545,0.21897810218978103
0.5,0.5,37,6,1.9808,0.7909090909090909,0.2818181818181818,0.14696969696969694,0.10454545454545446,0.4156626506024094
0.5,0.5,38,3,0.9248,0.9818181818181818,0.4545454545454545,0.1363636363636363,0.08363636363636358,0.3801652892561983
0.5,0.5,39,5,2.6048,0.7545454545454545,0.3909090909090909,0.149090909090909,0.04242424242424234,0.22151898734177192
0.5,0.5,40,7,2.5408,0.8272727272727273,0.40909090909090906,0.053246753246753216,0.0999999999999999,0.6525423728813559
0.5,0.5,41,5,2.0368,0.6363636363636364,0.20909090909090908,0.05999999999999994,0.08787878787878779,0.5942622950819673
0.5,0.5,42,6,1.2576,0.9636363636363636,0.39999999999999997,0.0545454545454545,0.01363636363636355,0.19999999999999912
0.5,0.5,43,6,2.1136,0.8636363636363636,0.2909090909090909,0.20606060606060603,0.0727272727272727,0.2608695652173913
0.5,0.5,44,4,2.7488,0.7363636363636363,0.2545454545454545,0.14090909090909085,0.14772727272727265,0.5118110236220473
0.5,0.5,45,3,2.9392,0.7636363636363637,0.2818181818181818,0.10909090909090907,0.061818181818181786,0.36170212765957444
0.5,0.5,46,5,2.8176,0.7272727272727273,0.3363636363636363,0.12181818181818178,0.09090909090909087,0.42735042735042733
0.5,0.5,47,6,2.3072,0.8545454545454545,0.41818181818181815,0.1515151515151514,0.07272727272727265,0.32432432432432423
0.5,0.5,48,5,2.8176,0.7,0.41818181818181815,0.0272727272727272,0.012121212121212066,0.30769230769230727
0.5,0.5,49,6,1.9472,0.7181818181818181,0.3181818181818182,0.14999999999999994,0.0772727272727272,0.3399999999999999
0.55,0.44999999999999996,0,5,3.1616,0.7909090909090909,0.3363636363636363,0.11999999999999995,0.08484848484848477,0.41420118343195256
0.55,0.44999999999999996,1,7,3.952,0.5727272727272728,0.32727272727272727,0.028571428571428574,-0.009090909090909,-0.4666666666666598
0.55,0.44999999999999996,2,2,1.2512,0.9090909090909092,0.309090909090909,0.1681818181818181,0.08939393939393932,0.3470588235294117
0.55,0.44999999999999996,3,7,2.6784,0.8727272727272727,0.3818181818181818,0.09610389610389602,0.0545454545454544,0.36206896551724094
0.55,0.44999999999999996,4,2,0.1984,0.9818181818181818,0.2636363636363636,0.1318181818181818,0.08181818181818176,0.3829787234042552
0.55,0.44999999999999996,5,6,2.6016,0.9272727272727272,0.4545454545454545,0.1454545454545454,0.059090909090909,0.28888888888888864
0.55,0.44999999999999996,6,6,3.2336,0.8454545454545455,0.40909090909090906,0.1545454545454545,0.04090909090909085,0.20930232558139514
0.55,0.44999999999999996,7,7,1.912,0.990909090909091,0.2909090909090909,0.08571428571428573,0.0272727272727273,0.24137931034482774
0.55,0.44999999999999996,8,6,1.7712,0.8,0.2727272727272727,0.1878787878787879,0.0590909090909091,0.23926380368098157
0.55,0.44999999999999996,9,8,3.5344,0.7363636363636363,0.3727272727272727,0.04659090909090902,,
0.55,0.44999999999999996,10,6,1.5744,1.0,0.3454545454545454,0.07121212121212116,0.0136363636363636,0.16071428571428545
0.55,0.44999999999999996,11,8,2.8752,0.7636363636363637,0.3727272727272727,0.0636363636363636,,
0.55,0.44999999999999996,12,6,0.8992,0.990909090909091,0.24545454545454543,0.12121212121212123,0.00454545454545455,0.03614457831325304
0.55,0.44999999999999996,13,4,2.12,0.9818181818181818,0.509090909090909,0.01590909090909085,0.0386363636363636,0.7083333333333339
0.55,0.44999999999999996,14,5,4.4944,0.6727272727272727,0.24545454545454543,0.15999999999999998,0.09696969696969689,0.3773584905660376
0.55,0.44999999999999996,15,6,1.9136,0.8363636363636363,0.3363636363636363,0.15757575757575748,0.10454545454545446,0.3988439306358381
0.55,0.44999999999999996,16,7,3.1968,0.8181818181818182,0.40909090909090906,0.12987012987012989,0.0545454545454545,0.2957746478873237
0.55,0.44999999999999996,17,6,1.8576,0.990909090909091,0.3818181818181817,0.11363636363636365,0.0772727272727273,0.4047619047619048
0.55,0.44999999999999996,18,7,3.6304,0.6090909090909091,0.3090909090909091,0.0181818181818182,0.0727272727272727,0.7999999999999997
0.55,0.44999999999999996,19,4,2.8016,0.7,0.3545454545454545,0.09545454545454535,0.10227272727272717,0.5172413793103449
0.55,0.44999999999999996,20,3,1.5088,0.9818181818181818,0.4545454545454545,0.12727272727272718,0.06181818181818175,0.32692307692307687
0.55,0.44999999999999996,21,7,2.4576,0.8272727272727273,0.3181818181818182,0.10779220779220777,0.0727272727272727,0.40287769784172656
0.55,0.44999999999999996,22,5,3.0992,0.8454545454545455,0.3727272727272727,0.12181818181818176,0.10303030303030303,0.4582210242587602
0.55,0.44999999999999996,23,5,4.0208,0.6090909090909091,0.2818181818181818,0.04727272727272722,0.06969696969696973,0.5958549222797932
0.55,0.44999999999999996,24,7,2.3632,0.8454545454545455,0.3909090909090909,0.14025974025974025,0.0818181818181817,0.36842105263157865
0.55,0.44999999999999996,25,7,3.6528,0.6090909090909091,0.2727272727272727,0.09220779220779222,0.1272727272727273,0.5798816568047338
0.55,0.44999999999999996,26,5,3.7312,0.6545454545454545,0.309090909090909,0.09818181818181815,0.0909090909090909,0.48076923076923084
0.55,0.44999999999999996,27,6,2.9392,0.8818181818181818,0.3909090909090909,0.09545454545454546,0.0772727272727273,0.44736842105263164
0.55,0.44999999999999996,28,8,3.7872,0.8636363636363636,0.29999999999999993,0.11249999999999998,,
0.55,0.44999999999999996,29,7,3.4832,0.7090909090909091,0.309090909090909,0.09090909090909087,0.1090909090909091,0.5454545454545456
0.55,0.44999999999999996,30,5,2.2736,0.8636363636363636,0.41818181818181815,0.11818181818181817,0.024242424242424235,0.1702127659574468
0.55,0.44999999999999996,31,6,2.168,0.9272727272727272,0.409090909090909,0.1454545454545454,0.0772727272727272,0.34693877551020397
0.55,0.44999999999999996,32,5,2.144,0.8818181818181818,0.49090909090909085,0.09636363636363635,0.06666666666666664,0.40892193308550184
0.55,0.44999999999999996,33,6,2.2032,0.8272727272727273,0.47272727272727266,0.13787878787878782,0.0,0.0
0.55,0.44999999999999996,34,4,3.0944,0.5363636363636364,0.2545454545454545,0.08409090909090908,0.03863636363636365,0.31481481481481494
0.55,0.44999999999999996,35,6,2.4576,0.8545454545454545,0.2818181818181818,0.1499999999999999,0.031818181818181704,0.17499999999999957
0.55,0.44999999999999996,36,5,4.4576,0.4909090909090909,0.22727272727272724,0.03272727272727268,0.0363636363636363,0.5263157894736841
0.55,0.44999999999999996,37,7,2.1936,0.8727272727272727,0.3363636363636363,0.11168831168831159,0.009090909090909,0.07526881720430045
0.55,0.44999999999999996,38,8,3.0448,0.8,0.32727272727272727,0.08409090909090908,,
0.55,0.44999999999999996,39,7,2.9616,0.8909090909090909,0.43636363636363634,0.09740259740259734,0.0181818181818181,0.15730337078651635
0.55,0.44999999999999996,40,5,3.2032,0.8090909090909091,0.40909090909090906,0.09272727272727269,0.09090909090909083,0.49504950495049493
0.55,0.44999999999999996,41,7,2.7728,0.6727272727272727,0.21818181818181817,0.11298701298701297,0.1090909090909091,0.4912280701754387
0.55,0.44999999999999996,42,5,2.7632,0.8181818181818182,0.2727272727272727,0.12181818181818185,0.13939393939393943,0.5336426914153132
0.55,0.44999999999999996,43,8,3.1328,0.9636363636363636,0.46363636363636357,0.09431818181818177,,
0.55,0.44999999999999996,44,7,2.0064,0.9454545454545454,0.2727272727272727,0.11168831168831164,0.0363636363636363,0.24561403508771906
0.55,0.44999999999999996,45,8,3.6944,0.7818181818181819,0.3727272727272727,0.12727272727272732,,
0.55,0.44999999999999996,46,6,1.88,0.9363636363636364,0.2727272727272727,0.16363636363636366,-0.0045454545454545,-0.028571428571428272
0.55,0.44999999999999996,47,7,3.608,0.6909090909090909,0.3909090909090909,0.08831168831168827,0.0363636363636363,0.29166666666666635
0.55,0.44999999999999996,48,7,3.6416,0.7545454545454545,0.41818181818181815,0.054545454545454515,0.0454545454545454,0.45454545454545436
0.55,0.44999999999999996,49,4,0.5264,1.0,0.42727272727272725,0.07272727272727267,0.04545454545454545,0.3846153846153848
0.6,0.4,0,5,1.8224,0.9090909090909092,0.4545454545454545,0.11272727272727265,0.07878787878787873,0.41139240506329117
0.6,0.4,1,5,1.632,0.9181818181818182,0.3636363636363636,0.14545454545454545,0.0909090909090909,0.38461538461538464
0.6,0.4,2,5,2.0816,0.8727272727272727,0.3545454545454545,0.10727272727272719,0.036363636363636334,0.25316455696202533
0.6,0.4,3,5,2.6432,0.7181818181818181,0.21818181818181817,0.05454545454545447,0.039393939393939335,0.4193548387096774
0.6,0.4,4,7,2.9824,0.8636363636363636,0.5818181818181818,0.12467532467532463,-0.009090909090909,-0.0786516853932576
0.6,0.4,5,2,0.3664,0.9363636363636364,0.3545454545454545,0.1272727272727272,0.12121212121212126,0.4878048780487807
0.6,0.4,6,8,3.3344,0.7272727272727273,0.2727272727272727,0.06590909090909086,,
0.6,0.4,7,8,3.3456,0.8636363636363636,0.39999999999999997,0.1545454545454545,,
0.6,0.4,8,4,3.1568,0.8272727272727273,0.20909090909090908,0.09999999999999995,0.07272727272727265,0.42105263157894723
0.6,0.4,9,4,2.0272,0.8545454545454545,0.3909090909090909,0.22954545454545439,0.08409090909090897,0.2681159420289853
0.6,0.4,10,5,3.5728,0.4727272727272727,0.3909090909090909,0.0018181818181818,-0.0424242424242424,
0.6,0.4,11,6,2.7664,0.8363636363636363,0.47272727272727266,0.08636363636363625,0.0636363636363636,0.4242424242424244
0.6,0.4,12,4,0.4864,0.8636363636363636,0.2818181818181818,0.13636363636363633,0.034090909090909075,0.19999999999999996
0.6,0.4,13,5,2.7472,0.9636363636363636,0.47272727272727266,0.09999999999999994,0.06060606060606053,0.3773584905660376
0.6,0.4,14,4,1.0992,0.8545454545454545,0.3454545454545454,0.19090909090909083,0.10227272727272724,0.34883720930232553
0.6,0.4,15,7,3.0608,0.7727272727272727,0.3181818181818182,0.0766233766233766,0.0545454545454545,0.4158415841584157
0.6,0.4,16,5,3.0176,0.9181818181818182,0.44545454545454544,0.21818181818181817,0.10909090909090909,0.3333333333333333
0.6,0.4,17,7,3.224,0.5636363636363636,0.23636363636363633,0.02337662337662333,-0.0454545454545455,
0.6,0.4,18,6,3.0512,0.6181818181818182,0.48181818181818176,0.042424242424242364,-0.0045454545454545504,-0.12000000000000033
0.6,0.4,19,7,2.3536,0.8454545454545455,0.3545454545454545,0.08441558441558437,0.0545454545454545,0.39252336448598124
0.6,0.4,20,6,1.0224,1.0,0.39999999999999997,0.11515151515151512,0.04999999999999995,0.3027522935779815
0.6,0.4,21,7,2.2368,0.8363636363636363,0.3181818181818181,0.09480519480519471,0.0818181818181817,0.463235294117647
0.6,0.4,22,3,0.9472,0.8818181818181818,0.3454545454545454,0.054545454545454536,0.03454545454545454,0.3877551020408163
0.6,0.4,23,6,2.8112,0.6090909090909091,0.32727272727272727,0.03484848484848485,0.045454545454545504,0.5660377358490569
0.6,0.4,24,7,2.1504,0.8,0.4545454545454545,0.06753246753246753,0.0545454545454545,0.4468085106382977
0.6,0.4,25,4,1.1104,0.9272727272727272,0.3909090909090909,0.31590909090909086,0.03636363636363632,0.1032258064516128
0.6,0.4,26,3,1.6688,0.9,0.48181818181818176,0.08484848484848484,0.0909090909090909,0.5172413793103449
0.6,0.4,27,7,3.1648,0.7363636363636363,0.2909090909090909,0.135064935064935,-0.0090909090909091,-0.07216494845360835
0.6,0.4,28,6,2.0128,0.8363636363636363,0.3363636363636363,0.11515151515151505,0.054545454545454446,0.32142857142857123
0.6,0.4,29,8,2.6832,0.7636363636363637,0.3545454545454545,0.09999999999999998,,
0.6,0.4,30,7,2.6496,0.8454545454545455,0.4545454545454545,0.0597402597402597,0.0090909090909091,0.1320754716981134
0.6,0.4,31,7,2.7552,0.8181818181818182,0.3636363636363636,0.10259740259740258,0.0818181818181819,0.4436619718309862
0.6,0.4,32,6,1.8256,0.9727272727272728,0.509090909090909,0.04545454545454547,0.03181818181818185,0.4117647058823531
0.6,0.4,33,6,3.1696,0.6818181818181818,0.3636363636363636,0.1196969696969696,0.0681818181818182,0.36290322580645185
0.6,0.4,34,6,2.6912,0.8363636363636363,0.32727272727272727,0.15757575757575745,0.109090909090909,0.4090909090909091
0.6,0.4,35,3,0.1504,0.8909090909090909,0.1727272727272727,0.08181818181818169,0.0781818181818181,0.4886363636363637
0.6,0.4,36,6,1.0448,0.9181818181818182,0.3363636363636363,0.0909090909090909,-0.009090909090909049,-0.11111111111111056
0.6,0.4,37,6,3.5792,0.4636363636363636,0.23636363636363633,0.02878787878787872,0.07272727272727265,0.7164179104477615
0.6,0.4,38,6,2.976,0.7636363636363637,0.3454545454545454,0.08939393939393946,0.06363636363636364,0.4158415841584157
0.6,0.4,39,3,2.4912,0.9272727272727272,0.509090909090909,0.1757575757575757,0.04727272727272722,0.21195652173913032
0.6,0.4,40,6,3.216,0.7,0.3909090909090909,0.13333333333333325,0.0909090909090908,0.40540540540540526
0.6,0.4,41,3,0.528,0.9363636363636364,0.32727272727272727,0.24848484848484845,0.11818181818181821,0.32231404958677695
0.6,0.4,42,2,0.664,0.8454545454545455,0.3181818181818181,0.1863636363636364,0.11060606060606056,0.3724489795918366
0.6,0.4,43,5,3.2192,0.6454545454545455,0.20909090909090908,0.13272727272727275,0.057575757575757634,0.3025477707006371
0.6,0.4,44,2,0.104,0.9272727272727272,0.2545454545454545,0.1999999999999999,0.08636363636363631,0.30158730158730157
0.6,0.4,45,7,2.2896,0.8636363636363636,0.32727272727272727,0.19740259740259733,-0.009090909090909,-0.04827586206896503
0.6,0.4,46,7,3.5648,0.6181818181818182,0.2818181818181818,0.08961038961038956,-0.0272727272727273,-0.43750000000000094
0.6,0.4,47,6,1.0944,0.9363636363636364,0.47272727272727266,0.08787878787878788,0.01818181818181815,0.17142857142857118
0.6,0.4,48,6,2.8112,0.6090909090909091,0.3181818181818182,0.08636363636363638,-0.04090909090909085,-0.8999999999999974
0.6,0.4,49,6,3.1584,0.5727272727272728,0.2909090909090909,0.08787878787878789,0.12727272727272723,0.5915492957746478
0.65,0.35,0,3,1.0416,0.9363636363636364,0.3181818181818182,0.12121212121212122,0.0727272727272727,0.3749999999999999
0.65,0.35,1,5,3.216,0.7090909090909091,0.29999999999999993,0.10545454545454544,0.0757575757575757,0.41806020066889615
0.65,0.35,2,5,3.16,0.7181818181818181,0.22727272727272724,0.10909090909090899,0.05151515151515143,0.32075471698113195
0.65,0.35,3,6,2.4944,0.8727272727272727,0.309090909090909,0.1606060606060605,0.0227272727272727,0.12396694214876026
0.65,0.35,4,7,2.9616,0.8545454545454545,0.2909090909090909,0.16363636363636355,0.1636363636363635,0.4999999999999999
0.65,0.35,5,6,3.304,0.7454545454545455,0.2818181818181818,0.053030303030303046,0.0454545454545454,0.4615384615384611
0.65,0.35,6,6,3.0624,0.8,0.48181818181818176,0.13484848484848486,0.00909090909090915,0.06315789473684248
0.65,0.35,7,5,3.704,0.8090909090909091,0.40909090909090906,0.13818181818181816,0.08484848484848477,0.3804347826086955
0.65,0.35,8,4,3.2736,0.7,0.22727272727272724,0.1522727272727272,0.13636363636363627,0.4724409448818897
0.65,0.35,9,4,2.4752,0.8545454545454545,0.48181818181818176,0.18636363636363626,0.084090909090909,0.310924369747899
0.65,0.35,10,2,2.1456,0.8636363636363636,0.309090909090909,0.17727272727272725,0.12121212121212116,0.4060913705583756
0.65,0.35,11,8,4.1776,0.7909090909090909,0.40909090909090906,0.1147727272727272,,
0.65,0.35,12,6,1.7856,0.9090909090909092,0.40909090909090906,0.07727272727272722,-0.0181818181818181,-0.3076923076923062
0.65,0.35,13,6,2.3696,0.8181818181818182,0.48181818181818176,0.08181818181818182,0.02272727272727285,0.217391304347827
0.65,0.35,14,4,2.7184,0.8363636363636363,0.3909090909090909,0.0909090909090908,0.0909090909090908,0.5
0.65,0.35,15,7,2.448,0.7363636363636363,0.29999999999999993,0.09610389610389604,0.109090909090909,0.5316455696202531
0.65,0.35,16,7,3.5952,0.8181818181818182,0.3636363636363636,0.15454545454545454,0.1727272727272727,0.5277777777777777
0.65,0.35,17,4,3.4912,0.7545454545454545,0.1727272727272727,0.09545454545454538,0.08636363636363628,0.475
0.65,0.35,18,6,2.9424,0.8181818181818182,0.44545454545454544,0.09393939393939395,0.0318181818181818,0.253012048192771
0.65,0.35,19,7,1.1504,0.8909090909090909,0.3363636363636363,0.12597402597402593,-0.0181818181818181,-0.1686746987951799
0.65,0.35,20,6,2.8,0.8181818181818182,0.44545454545454544,0.11363636363636365,0.0272727272727272,0.19354838709677374
0.65,0.35,21,6,3.0336,0.8090909090909091,0.20909090909090908,0.14090909090909085,0.1181818181818181,0.45614035087719296
0.65,0.35,22,4,1.5424,0.9090909090909092,0.39999999999999997,0.2545454545454545,0.0954545454545454,0.27272727272727265
0.65,0.35,23,6,1.2688,0.9272727272727272,0.4,0.13484848484848477,0.0272727272727272,0.16822429906542025
0.65,0.35,24,8,3.3232,0.7,0.2909090909090909,0.06704545454545448,,
0.65,0.35,25,4,2.304,0.6909090909090909,0.2636363636363636,0.12499999999999994,0.025000000000000026,0.16666666666666688
0.65,0.35,26,5,1.7984,0.8818181818181818,0.3090909090909091,0.06727272727272726,0.0818181818181818,0.5487804878048781
0.65,0.35,27,7,3.1504,0.6818181818181818,0.2818181818181818,0.09870129870129862,0.1272727272727272,0.5632183908045978
0.65,0.35,28,7,2.8896,0.8909090909090909,0.3909090909090909,0.10259740259740249,0.0818181818181817,0.4436619718309858
0.65,0.35,29,5,2.288,0.8909090909090909,0.3545454545454545,0.1309090909090908,0.0727272727272727,0.3571428571428572
0.65,0.35,30,5,2.5888,0.7636363636363637,0.2545454545454545,0.19090909090909092,0.07272727272727274,0.27586206896551724
0.65,0.35,31,5,3.5472,0.6454545454545455,0.29999999999999993,0.10727272727272727,0.12727272727272732,0.5426356589147288
0.65,0.35,32,6,2.2096,0.7909090909090909,0.3818181818181817,0.09090909090909087,0.0045454545454545504,0.04761904761904769
0.65,0.35,33,5,1.4656,0.8454545454545455,0.4818181818181818,0.12363636363636363,0.048484848484848464,0.2816901408450703
0.65,0.35,34,4,3.64,0.4454545454545454,0.22727272727272724,0.0022727272727272752,-0.049999999999999975,
0.65,0.35,35,6,3.5904,0.6454545454545455,0.22727272727272724,0.06212121212121213,0.07727272727272726,0.5543478260869563
0.65,0.35,36,3,1.32,0.8,0.3454545454545454,0.14545454545454542,0.09999999999999998,0.4074074074074074
0.65,0.35,37,8,2.2656,0.9090909090909092,0.309090909090909,0.13181818181818175,,
0.65,0.35,38,5,3.2208,0.7909090909090909,0.3909090909090909,0.05454545454545447,0.07272727272727267,0.5714285714285715
0.65,0.35,39,3,1.7984,0.9636363636363636,0.42727272727272725,0.30606060606060603,0.12363636363636357,0.2877291960507757
0.65,0.35,40,6,2.64,0.9454545454545454,0.5909090909090909,0.09696969696969693,0.0181818181818181,0.15789473684210473
0.65,0.35,41,5,2.624,0.8272727272727273,0.24545454545454543,0.10727272727272726,0.08181818181818176,0.43269230769230754
0.65,0.35,42,6,1.512,0.9454545454545454,0.3181818181818181,0.2151515151515151,0.018181818181818098,0.0779220779220776
0.65,0.35,43,4,1.7568,0.9,0.2727272727272727,0.09545454545454543,0.0931818181818181,0.49397590361445765
0.65,0.35,44,5,2.216,0.8363636363636363,0.2636363636363636,0.08181818181818176,0.09393939393939384,0.5344827586206895
0.65,0.35,45,5,2.5536,0.9454545454545454,0.5181818181818182,0.18363636363636357,0.06969696969696963,0.27511961722488026
0.65,0.35,46,6,2.8832,0.8454545454545455,0.43636363636363634,0.02727272727272723,0.0636363636363636,0.7000000000000003
0.65,0.35,47,5,1.3696,0.9363636363636364,0.3818181818181818,0.12545454545454546,-0.009090909090909033,-0.07812499999999947
0.65,0.35,48,5,2.0,0.7454545454545455,0.3636363636363636,0.10363636363636367,0.10303030303030303,0.4985337243401759
0.65,0.35,49,5,1.088,0.9272727272727272,0.3454545454545454,0.17999999999999997,0.06666666666666661,0.2702702702702701
0.7,0.30000000000000004,0,6,2.6528,0.8636363636363636,0.3727272727272727,0.1045454545454545,0.0681818181818181,0.39473684210526294
0.7,0.30000000000000004,1,3,2.5488,0.8272727272727273,0.32727272727272727,0.0848484848484848,0.0636363636363636,0.4285714285714286
0.7,0.30000000000000004,2,5,1.5344,0.8363636363636363,0.3181818181818182,0.21454545454545446,0.04545454545454539,0.1748251748251747
0.7,0.30000000000000004,3,7,2.9408,0.8727272727272727,0.309090909090909,0.10389610389610382,0.2454545454545453,0.7026022304832714
0.7,0.30000000000000004,4,4,0.6416,0.9727272727272728,0.3363636363636363,0.08181818181818185,0.04772727272727275,0.368421052631579
0.7,0.30000000000000004,5,3,0.3792,0.9272727272727272,0.32727272727272727,0.18181818181818177,0.09090909090909081,0.33333333333333315
0.7,0.30000000000000004,6,7,3.1056,0.7454545454545455,0.3636363636363636,0.1792207792207792,0.1454545454545455,0.4480000000000002
0.7,0.30000000000000004,7,5,3.3584,0.7,0.2727272727272727,0.11090909090909082,0.048484848484848374,0.3041825095057031
0.7,0.30000000000000004,8,6,2.7696,0.8454545454545455,0.3909090909090909,0.07575757575757572,0.0772727272727272,0.5049504950495048
0.7,0.30000000000000004,9,8,1.9024,0.9090909090909092,0.2727272727272727,0.11249999999999992,,
0.7,0.30000000000000004,10,8,2.5552,0.7,0.3727272727272727,0.08636363636363628,,
0.7,0.30000000000000004,11,5,3.3248,0.6818181818181818,0.41818181818181815,0.10181818181818174,0.030303030303030203,0.22935779816513716
0.7,0.30000000000000004,12,6,2.5312,0.8636363636363636,0.3090909090909091,0.13787878787878785,0.1318181818181818,0.48876404494382025
0.7,0.30000000000000004,13,7,3.8064,0.6727272727272727,0.3363636363636363,0.06493506493506492,0.0454545454545454,0.4117647058823527
0.7,0.30000000000000004,14,7,2.2512,0.8181818181818182,0.309090909090909,0.1142857142857143,0.1181818181818182,0.5083798882681564
0.7,0.30000000000000004,15,7,2.288,0.9,0.2909090909090909,0.12727272727272726,0.0545454545454545,0.2999999999999998
0.7,0.30000000000000004,16,5,3.4816,0.6272727272727273,0.22727272727272724,0.11090909090909092,0.012121212121212135,0.09852216748768483
0.7,0.30000000000000004,17,5,1.3248,0.8636363636363636,0.4,0.13272727272727267,0.027272727272727327,0.1704545454545458
0.7,0.30000000000000004,18,6,2.5344,0.8,0.3636363636363636,0.0909090909090909,0.040909090909090895,0.3103448275862069
0.7,0.30000000000000004,19,6,1.7968,0.8636363636363636,0.27272727272727265,0.13484848484848483,0.09999999999999999,0.42580645161290326
0.7,0.30000000000000004,20,2,1.592,0.6636363636363637,0.5181818181818182,0.004545454545454651,0.016666666666666715,0.7857142857142823
0.7,0.30000000000000004,21,7,1.976,0.7818181818181819,0.32727272727272727,0.14935064935064937,0.0727272727272727,0.32748538011695894
0.7,0.30000000000000004,22,6,2.976,0.7272727272727273,0.29999999999999993,0.07272727272727271,-0.0227272727272727,-0.4545454545454539
0.7,0.30000000000000004,23,6,0.88,1.0,0.3818181818181818,0.06060606060606053,0.04545454545454545,0.4285714285714288
0.7,0.30000000000000004,24,4,0.2624,1.0,0.3454545454545454,0.11363636363636358,0.04545454545454545,0.2857142857142858
0.7,0.30000000000000004,25,7,2.184,0.8909090909090909,0.2909090909090909,0.07922077922077912,0.0545454545454545,0.4077669902912623
0.7,0.30000000000000004,26,8,1.4912,0.8818181818181818,0.42727272727272725,0.06136363636363633,,
0.7,0.30000000000000004,27,7,2.4112,0.9181818181818182,0.23636363636363633,0.1753246753246753,0.1545454545454545,0.468503937007874
0.7,0.30000000000000004,28,5,1.5216,0.9272727272727272,0.46363636363636357,0.08545454545454541,0.06060606060606053,0.4149377593360994
0.7,0.30000000000000004,29,4,2.1664,0.7636363636363637,0.23636363636363633,0.12272727272727275,0.0386363636363636,0.23943661971830965
0.7,0.30000000000000004,30,7,3.2672,0.8545454545454545,0.509090909090909,0.06753246753246746,0.0,0.0
0.7,0.30000000000000004,31,6,2.0224,0.9636363636363636,0.46363636363636357,0.07727272727272726,0.040909090909090895,0.34615384615384615
0.7,0.30000000000000004,32,6,1.0416,0.9090909090909092,0.3909090909090909,0.07272727272727265,0.027272727272727296,0.2727272727272731
0.7,0.30000000000000004,33,7,2.5408,0.8545454545454545,0.40909090909090906,0.06103896103896094,0.0636363636363636,0.5104166666666669
0.7,0.30000000000000004,34,5,2.8704,0.6909090909090909,0.22727272727272724,0.1145454545454545,0.10606060606060604,0.48076923076923084
0.7,0.30000000000000004,35,2,0.1136,1.0,0.44545454545454544,0.05454545454545455,0.04545454545454545,0.4545454545454545
0.7,0.30000000000000004,36,6,2.2016,0.9454545454545454,0.3909090909090909,0.156060606060606,0.0363636363636363,0.18897637795275568
0.7,0.30000000000000004,37,4,0.9568,0.8545454545454545,0.32727272727272727,0.1681818181818181,0.07954545454545456,0.3211009174311928
0.7,0.30000000000000004,38,5,1.3296,0.8636363636363636,0.40909090909090906,0.045454545454545435,0.009090909090909132,0.16666666666666738
0.7,0.30000000000000004,39,5,4.0336,0.6363636363636364,0.26363636363636356,0.04909090909090906,0.06969696969696966,0.5867346938775511
0.7,0.30000000000000004,40,5,3.352,0.7181818181818181,0.32727272727272727,0.19090909090909086,0.19696969696969693,0.5078125
0.7,0.30000000000000004,41,5,3.1536,0.6545454545454545,0.1909090909090909,0.10727272727272721,0.027272727272727268,0.2027027027027028
0.7,0.30000000000000004,42,2,0.3152,0.9636363636363636,0.309090909090909,0.1772727272727273,0.08636363636363631,0.32758620689655155
0.7,0.30000000000000004,43,6,2.6832,0.8363636363636363,0.3636363636363636,0.11060606060606053,0.109090909090909,0.496551724137931
0.7,0.30000000000000004,44,8,1.744,0.9363636363636364,0.3909090909090909,0.05795454545454546,,
0.7,0.30000000000000004,45,5,3.6032,0.6,0.3181818181818182,0.04909090909090904,0.06363636363636356,0.5645161290322581
0.7,0.30000000000000004,46,8,3.3392,0.8454545454545455,0.3454545454545454,0.1727272727272727,,
0.7,0.30000000000000004,47,8,3.2352,0.8363636363636363,0.3727272727272727,0.09772727272727263,,
0.7,0.30000000000000004,48,6,3.896,0.5818181818181818,0.3545454545454545,0.04696969696969692,-0.00909090909090915,-0.24000000000000224
0.7,0.30000000000000004,49,6,2.4224,0.7636363636363637,0.32727272727272727,0.06818181818181816,0.08636363636363639,0.5588235294117649
0.75,0.25,0,4,2.8768,0.8272727272727273,0.46363636363636357,0.05681818181818177,0.04545454545454545,0.44444444444444464
0.75,0.25,1,6,2.8352,0.8818181818181818,0.43636363636363634,0.10909090909090909,0.1227272727272727,0.5294117647058824
0.75,0.25,2,5,2.2336,0.6818181818181818,0.24545454545454543,0.15272727272727266,0.06363636363636353,0.29411764705882326
0.75,0.25,3,7,1.6704,0.8181818181818182,0.27272727272727265,0.1038961038961039,0.0090909090909091,0.0804597701149426
0.75,0.25,4,5,3.3024,0.7545454545454545,0.3818181818181817,0.18545454545454543,0.07575757575757568,0.29002320185614827
0.75,0.25,5,7,2.1984,0.8636363636363636,0.3454545454545454,0.0636363636363636,0.0909090909090909,0.5882352941176472
0.75,0.25,6,5,2.5952,0.8181818181818182,0.3818181818181818,0.08000000000000004,0.03636363636363637,0.3124999999999999
0.75,0.25,7,5,3.0608,0.7090909090909091,0.3363636363636363,0.18181818181818182,0.13030303030303028,0.41747572815533973
0.75,0.25,8,5,3.848,0.7363636363636363,0.1909090909090909,0.09272727272727264,0.030303030303030266,0.24630541871921177
0.75,0.25,9,8,3.3312,0.7727272727272727,0.3909090909090909,0.03295454545454542,,
0.75,0.25,10,8,4.12,0.6090909090909091,0.2636363636363636,0.07613636363636365,,
0.75,0.25,11,7,3.296,0.8727272727272727,0.3818181818181818,0.11168831168831161,0.109090909090909,0.49411764705882344
0.75,0.25,12,6,1.288,0.9090909090909092,0.3363636363636363,0.09090909090909083,0.06818181818181811,0.4285714285714285
0.75,0.25,13,4,3.808,0.6181818181818182,0.3454545454545454,0.1136363636363636,0.11818181818181812,0.5098039215686274
0.75,0.25,14,7,2.5376,0.8181818181818182,0.3545454545454545,0.0272727272727273,-0.0272727272727272,-271063049672455.44
0.75,0.25,15,6,3.0432,0.7909090909090909,0.32727272727272727,0.19393939393939388,0.17727272727272725,0.47755102040816333
0.75,0.25,16,5,3.904,0.5545454545454546,0.32727272727272727,0.05090909090909088,0.0484848484848485,0.4878048780487807
0.75,0.25,17,8,2.68,0.8636363636363636,0.2727272727272727,0.12613636363636357,,
0.75,0.25,18,7,3.5632,0.7,0.3363636363636363,0.09740259740259731,0.0818181818181817,0.4565217391304347
0.75,0.25,19,7,1.9216,0.7909090909090909,0.42727272727272725,0.05584415584415579,-0.0090909090909091,-0.19444444444444486
0.75,0.25,20,5,2.5632,0.9181818181818182,0.42727272727272725,0.1745454545454546,0.08181818181818183,0.3191489361702128
0.75,0.25,21,4,1.4752,0.7818181818181819,0.309090909090909,0.059090909090909076,0.06136363636363637,0.509433962264151
0.75,0.25,22,8,2.9392,0.8454545454545455,0.4545454545454545,0.0852272727272727,,
0.75,0.25,23,3,2.9904,0.7636363636363637,0.2727272727272727,0.1363636363636363,0.12727272727272726,0.48275862068965525
0.75,0.25,24,6,2.1456,0.8545454545454545,0.4545454545454545,0.019696969696969668,-0.0227272727272727,
0.75,0.25,25,7,3.1696,0.8545454545454545,0.39999999999999997,0.09870129870129862,0.1363636363636363,0.5801104972375691
0.75,0.25,26,7,3.3008,0.7181818181818181,0.2636363636363636,0.12337662337662328,0.0999999999999999,0.4476744186046511
0.75,0.25,27,4,0.8528,0.8909090909090909,0.3727272727272727,0.047727272727272674,0.0454545454545454,0.4878048780487805
0.75,0.25,28,6,4.2336,0.7090909090909091,0.3545454545454545,0.08030303030303027,0.08636363636363635,0.5181818181818182
0.75,0.25,29,6,3.8208,0.6545454545454545,0.3454545454545454,0.11969696969696965,0.13181818181818178,0.5240963855421688
0.75,0.25,30,5,2.0304,0.9090909090909092,0.3727272727272727,0.1672727272727272,0.06969696969696963,0.29411764705882343
0.75,0.25,31,5,2.5984,0.7,0.3909090909090909,0.1181818181818181,0.0636363636363636,0.35000000000000003
0.75,0.25,32,5,1.5648,0.9454545454545454,0.5363636363636364,0.07454545454545446,0.027272727272727268,0.26785714285714307
0.75,0.25,33,8,4.0,0.6,0.3363636363636363,0.06363636363636357,,
0.75,0.25,34,6,2.8096,0.6636363636363637,0.24545454545454543,0.1272727272727273,0.08636363636363639,0.4042553191489362
0.75,0.25,35,6,2.7584,0.6909090909090909,0.32727272727272727,0.06666666666666664,-0.018181818181818098,-0.37499999999999784
0.75,0.25,36,5,2.0032,0.9545454545454546,0.3181818181818182,0.20909090909090913,0.07878787878787884,0.27368421052631586
0.75,0.25,37,4,2.5872,0.7727272727272727,0.29999999999999993,0.09999999999999995,0.03181818181818177,0.24137931034482743
0.75,0.25,38,7,2.824,0.7454545454545455,0.4545454545454545,0.07272727272727271,0.0545454545454545,0.42857142857142844
0.75,0.25,39,8,3.4128,0.8636363636363636,0.4545454545454545,0.1443181818181818,,
0.75,0.25,40,6,4.0144,0.7181818181818181,0.3636363636363636,0.0348484848484848,0.027272727272727205,0.43902439024390216
0.75,0.25,41,3,3.5136,0.6818181818181818,0.24545454545454543,0.0727272727272726,0.05999999999999994,0.4520547945205482
0.75,0.25,42,5,3.1552,0.8,0.3363636363636363,0.10181818181818185,0.09999999999999999,0.4954954954954954
0.75,0.25,43,7,1.672,0.9,0.2727272727272727,0.10909090909090909,0.0636363636363637,0.3684210526315792
0.75,0.25,44,5,3.1824,0.8545454545454545,0.3090909090909091,0.17090909090909082,0.13636363636363627,0.4437869822485207
0.75,0.25,45,7,2.752,0.7545454545454545,0.3818181818181817,0.09870129870129864,-0.0090909090909091,-0.10144927536231901
0.75,0.25,46,6,4.776,0.6454545454545455,0.3818181818181818,0.06969696969696969,0.03181818181818185,0.31343283582089576
0.75,0.25,47,7,4.336,0.6363636363636364,0.32727272727272727,0.03506493506493503,0.0999999999999999,0.7403846153846154
0.75,0.25,48,7,2.096,0.8545454545454545,0.3909090909090909,0.08311688311688302,0.0454545454545454,0.35353535353535354
0.75,0.25,49,7,2.9056,0.8545454545454545,0.3909090909090909,0.04675324675324667,0.0363636363636362,0.4374999999999994
0.8,0.19999999999999996,0,4,1.1984,0.9272727272727272,0.3454545454545454,0.10681818181818173,0.029545454545454576,0.216666666666667
0.8,0.19999999999999996,1,5,3.4448,0.6909090909090909,0.40909090909090906,0.16909090909090907,0.15454545454545454,0.47752808988764045
0.8,0.19999999999999996,2,7,2.2656,0.8090909090909091,0.23636363636363633,0.15584415584415576,0.0545454545454545,0.2592592592592592
0.8,0.19999999999999996,3,6,2.9488,0.7272727272727273,0.2818181818181818,0.018181818181818212,0.04090909090909085,0.6923076923076916
0.8,0.19999999999999996,4,4,1.3536,0.8363636363636363,0.3727272727272727,0.07045454545454538,0.0204545454545454,0.22499999999999973
0.8,0.19999999999999996,5,7,2.424,0.7909090909090909,0.39999999999999997,0.09870129870129869,0.0272727272727272,0.21649484536082428
0.8,0.19999999999999996,6,7,2.3088,0.8,0.3363636363636363,0.048051948051948075,0.0818181818181819,0.6300000000000001
0.8,0.19999999999999996,7,5,3.3488,0.5636363636363636,0.2818181818181818,0.09272727272727266,0.02727272727272723,0.22727272727272713
0.8,0.19999999999999996,8,5,0.552,0.9636363636363636,0.3727272727272727,0.10727272727272719,0.09696969696969689,0.47477744807121663
0.8,0.19999999999999996,9,5,1.2784,0.8363636363636363,0.46363636363636357,0.06545454545454535,-0.0121212121212122,-0.2272727272727295
0.8,0.19999999999999996,10,4,2.0048,0.9636363636363636,0.5,0.14999999999999997,0.08863636363636355,0.3714285714285712
0.8,0.19999999999999996,11,6,3.264,0.5545454545454546,0.3454545454545454,0.04696969696969697,0.06818181818181815,0.5921052631578947
0.8,0.19999999999999996,12,2,0.9216,0.9,0.2727272727272727,0.15909090909090912,0.06212121212121211,0.28082191780821913
0.8,0.19999999999999996,13,8,2.9408,0.9090909090909092,0.4545454545454545,0.09318181818181812,,
0.8,0.19999999999999996,14,7,3.4752,0.6454545454545455,0.3181818181818181,0.049350649350649325,0.0181818181818181,0.26923076923076844
0.8,0.19999999999999996,15,6,3.5504,0.5363636363636364,0.21818181818181817,0.013636363636363618,0.02727272727272725,0.6666666666666669
0.8,0.19999999999999996,16,8,3.1792,0.7454545454545455,0.41818181818181815,0.11136363636363633,,
0.8,0.19999999999999996,17,7,1.576,0.8545454545454545,0.23636363636363633,0.09740259740259731,0.0454545454545454,0.3181818181818181
0.8,0.19999999999999996,18,5,3.488,0.6363636363636364,0.2909090909090909,0.12363636363636357,0.16666666666666663,0.5741127348643007
0.8,0.19999999999999996,19,7,3.2512,0.7545454545454545,0.3636363636363636,0.11168831168831163,-0.0090909090909091,-0.088607594936709
0.8,0.19999999999999996,20,7,3.2688,0.9,0.43636363636363634,0.15064935064935064,0.2,0.5703703703703704
0.8,0.19999999999999996,21,6,1.6608,0.9090909090909092,0.29999999999999993,0.06969696969696963,0.04090909090909085,0.36986301369863006
0.8,0.19999999999999996,22,5,2.9136,0.8636363636363636,0.3909090909090909,0.13636363636363633,0.0545454545454545,0.2857142857142856
0.8,0.19999999999999996,23,6,1.8336,0.8636363636363636,0.3636363636363636,0.09242424242424237,0.1227272727272727,0.5704225352112677
0.8,0.19999999999999996,24,4,0.8736,0.8818181818181818,0.3454545454545454,0.10909090909090902,0.05454545454545455,0.3333333333333335
0.8,0.19999999999999996,25,6,3.1664,0.6,0.2545454545454545,0.045454545454545414,-0.0318181818181818,-2.333333333333336
0.8,0.19999999999999996,26,6,1.864,0.7818181818181819,0.39999999999999997,0.1409090909090909,0.01363636363636365,0.08823529411764715
0.8,0.19999999999999996,27,5,3.0832,0.6727272727272727,0.3454545454545454,0.08909090909090908,0.07575757575757576,0.45955882352941174
0.8,0.19999999999999996,28,5,1.9776,0.9454545454545454,0.4545454545454545,0.14909090909090905,0.07575757575757573,0.33692722371967654
0.8,0.19999999999999996,29,2,0.8448,0.8090909090909091,0.36363636363636365,0.09090909090909086,0.05909090909090905,0.39393939393939387
0.8,0.19999999999999996,30,5,2.7936,0.8727272727272727,0.41818181818181815,0.16545454545454538,0.10606060606060601,0.390625
0.8,0.19999999999999996,31,4,2.3872,0.8454545454545455,0.40909090909090906,0.19318181818181815,0.06818181818181818,0.2608695652173913
0.8,0.19999999999999996,32,7,3.8688,0.6181818181818182,0.29999999999999993,0.08701298701298697,0.0545454545454545,0.3853211009174311
0.8,0.19999999999999996,33,5,3.1104,0.6181818181818182,0.2818181818181818,0.03999999999999994,0.06969696969696963,0.6353591160220996
0.8,0.19999999999999996,34,5,0.6784,0.990909090909091,0.1545454545454545,0.1254545454545455,0.0818181818181818,0.394736842105263
0.8,0.19999999999999996,35,7,2.528,0.7636363636363637,0.3090909090909091,0.057142857142857155,0.0727272727272727,0.5599999999999998
0.8,0.19999999999999996,36,4,2.2928,0.8090909090909091,0.2909090909090909,0.12954545454545446,0.16590909090909087,0.5615384615384617
0.8,0.19999999999999996,37,7,3.6976,0.5909090909090909,0.3181818181818182,0.07142857142857141,0.1272727272727273,0.6405228758169935
0.8,0.19999999999999996,38,5,2.4944,0.7909090909090909,0.409090909090909,0.13272727272727267,-0.0181818181818182,-0.158730158730159
0.8,0.19999999999999996,39,7,3.1728,0.7909090909090909,0.44545454545454544,0.0532467532467532,-0.0272727272727273,-1.0500000000000038
0.8,0.19999999999999996,40,6,2.8672,0.7818181818181819,0.2636363636363636,0.07575757575757576,0.04090909090909095,0.3506493506493509
0.8,0.19999999999999996,41,5,2.344,0.8181818181818182,0.3909090909090909,0.14727272727272728,0.021212121212121265,0.12589928057553984
0.8,0.19999999999999996,42,7,3.208,0.5454545454545454,0.1818181818181818,0.10519480519480513,0.1181818181818181,0.5290697674418604
0.8,0.19999999999999996,43,1,0.096,0.8909090909090909,0.2636363636363636,0.2999999999999999,0.1285714285714285,0.3
0.8,0.19999999999999996,44,8,2.4256,0.9272727272727272,0.3909090909090909,0.047727272727272674,,
0.8,0.19999999999999996,45,8,2.8576,0.8454545454545455,0.3545454545454545,0.09204545454545451,,
0.8,0.19999999999999996,46,5,3.368,0.7090909090909091,0.29999999999999993,0.041818181818181796,0.0606060606060606,0.5917159763313611
0.8,0.19999999999999996,47,7,2.9376,0.8545454545454545,0.3454545454545454,0.06623376623376614,0.0545454545454544,0.4516129032258061
0.8,0.19999999999999996,48,6,2.7008,0.8363636363636363,0.47272727272727266,0.12727272727272718,0.159090909090909,0.5555555555555557
0.8,0.19999999999999996,49,4,3.232,0.7090909090909091,0.3363636363636363,0.0886363636363636,0.04090909090909092,0.3157894736842107
0.85,0.15000000000000002,0,7,2.088,0.8,0.3181818181818182,0.1064935064935065,-0.0363636363636362,-0.518518518518515
0.85,0.15000000000000002,1,7,2.9072,0.7545454545454545,0.19999999999999998,0.10129870129870121,0.0818181818181817,0.4468085106382978
0.85,0.15000000000000002,2,7,2.9488,0.8909090909090909,0.41818181818181815,0.17922077922077914,0.0181818181818181,0.0921052631578944
0.85,0.15000000000000002,3,7,2.688,0.7818181818181819,0.39999999999999997,0.08701298701298701,0.0181818181818181,0.17283950617283886
0.85,0.15000000000000002,4,7,1.9872,0.990909090909091,0.3818181818181818,0.10000000000000005,0.0545454545454545,0.352941176470588
0.85,0.15000000000000002,5,6,2.1648,0.9090909090909092,0.4545454545454545,0.10909090909090903,0.13181818181818175,0.5471698113207547
0.85,0.15000000000000002,6,8,3.0272,0.7909090909090909,0.43636363636363634,0.06704545454545452,,
0.85,0.15000000000000002,7,5,1.2864,0.8272727272727273,0.4545454545454545,0.12727272727272726,0.003030303030303,0.023255813953488146
0.85,0.15000000000000002,8,5,3.4688,0.7181818181818181,0.309090909090909,0.08909090909090897,0.0666666666666666,0.4280155642023347
0.85,0.15000000000000002,9,6,2.728,0.8818181818181818,0.2909090909090909,0.0954545454545454,0.0954545454545454,0.5
0.85,0.15000000000000002,10,5,2.376,0.8272727272727273,0.2909090909090909,0.21818181818181812,0.10303030303030299,0.32075471698113206
0.85,0.15000000000000002,11,5,1.088,1.0,0.3545454545454545,0.08363636363636365,0.09090909090909087,0.5208333333333333
0.85,0.15000000000000002,12,5,0.992,0.8363636363636363,0.24545454545454543,0.06363636363636353,-0.0363636363636363,-1.3333333333333328
0.85,0.15000000000000002,13,5,2.3968,0.8454545454545455,0.3727272727272727,0.09636363636363635,0.07272727272727274,0.43010752688172055
0.85,0.15000000000000002,14,7,1.3168,0.9727272727272728,0.3909090909090909,0.14415584415584412,0.0454545454545455,0.23972602739726048
0.85,0.15000000000000002,15,6,2.0512,0.7636363636363637,0.3909090909090909,0.10757575757575753,-0.031818181818181746,-0.4199999999999989
0.85,0.15000000000000002,16,7,1.7536,0.9818181818181818,0.3909090909090909,0.07922077922077918,0.009090909090909,0.10294117647058737
0.85,0.15000000000000002,17,8,2.9136,0.7909090909090909,0.2909090909090909,0.1329545454545454,,
0.85,0.15000000000000002,18,5,2.4016,0.9545454545454546,0.3636363636363636,0.18181818181818182,0.0787878787878788,0.3023255813953489
0.85,0.15000000000000002,19,3,1.6576,0.990909090909091,0.46363636363636357,0.2272727272727273,0.08000000000000006,0.2603550295857989
0.85,0.15000000000000002,20,5,3.688,0.7454545454545455,0.3818181818181818,0.1290909090909091,0.11515151515151517,0.4714640198511167
0.85,0.15000000000000002,21,6,1.1728,0.9454545454545454,0.3545454545454545,0.10454545454545448,0.0454545454545454,0.3030303030303029
0.85,0.15000000000000002,22,5,1.864,0.9545454545454546,0.42727272727272725,0.15272727272727274,0.0484848484848485,0.2409638554216868
0.85,0.15000000000000002,23,4,1.7184,0.8818181818181818,0.3545454545454545,0.16590909090909087,0.07272727272727267,0.3047619047619046
0.85,0.15000000000000002,24,3,0.4704,1.0,0.39999999999999997,0.08787878787878783,0.06545454545454542,0.42687747035573115
0.85,0.15000000000000002,25,6,2.592,0.7818181818181819,0.3181818181818182,0.09393939393939393,0.0772727272727273,0.4513274336283187
0.85,0.15000000000000002,26,7,3.2384,0.6545454545454545,0.3454545454545454,0.061038961038961004,-0.0090909090909091,-0.17500000000000032
0.85,0.15000000000000002,27,5,1.4384,0.8818181818181818,0.3454545454545454,0.12545454545454543,0.1575757575757575,0.5567451820128478
0.85,0.15000000000000002,28,6,3.52,0.7090909090909091,0.3727272727272727,0.060606060606060615,0.10909090909090904,0.6428571428571428
0.85,0.15000000000000002,29,4,0.4288,1.0,0.3545454545454545,0.1522727272727272,0.06818181818181818,0.309278350515464
0.85,0.15000000000000002,30,4,2.456,0.7909090909090909,0.44545454545454544,0.14090909090909082,0.029545454545454528,0.17333333333333334
0.85,0.15000000000000002,31,5,3.888,0.7181818181818181,0.2636363636363636,0.06545454545454535,0.021212121212121196,0.2447552447552449
0.85,0.15000000000000002,32,7,2.3968,0.8636363636363636,0.3727272727272727,0.08831168831168827,-0.009090909090909,-0.11475409836065452
0.85,0.15000000000000002,33,7,2.816,0.8818181818181818,0.6090909090909091,0.087012987012987,-0.0454545454545454,-1.0937499999999976
0.85,0.15000000000000002,34,5,2.4544,0.6727272727272727,0.26363636363636356,0.07454545454545448,0.0848484848484848,0.5323193916349811
0.85,0.15000000000000002,35,6,2.9824,0.8272727272727273,0.3090909090909091,0.15606060606060598,0.10454545454545444,0.40116279069767435
0.85,0.15000000000000002,36,4,2.448,0.5727272727272728,0.21818181818181817,0.11363636363636365,0.027272727272727323,0.19354838709677444
0.85,0.15000000000000002,37,3,2.9664,0.7454545454545455,0.2727272727272727,0.1696969696969697,0.14545454545454545,0.46153846153846145
0.85,0.15000000000000002,38,6,2.8496,0.7818181818181819,0.36363636363636365,0.12727272727272726,0.0136363636363636,0.09677419354838686
0.85,0.15000000000000002,39,8,2.4848,0.8909090909090909,0.39999999999999997,0.0681818181818181,,
0.85,0.15000000000000002,40,4,1.0256,0.990909090909091,0.41818181818181815,0.0931818181818182,0.11363636363636362,0.5494505494505494
0.85,0.15000000000000002,41,7,2.544,0.8454545454545455,0.2909090909090909,0.09870129870129864,0.1545454545454545,0.6102564102564103
0.85,0.15000000000000002,42,7,2.5504,0.8818181818181818,0.3727272727272727,0.0909090909090909,0.1090909090909091,0.5454545454545454
0.85,0.15000000000000002,43,8,3.008,0.8727272727272727,0.3363636363636363,0.146590909090909,,
0.85,0.15000000000000002,44,8,2.5824,0.8545454545454545,0.3636363636363636,0.10454545454545447,,
0.85,0.15000000000000002,45,5,1.9136,0.7363636363636363,0.3181818181818182,0.07272727272727267,0.06363636363636356,0.4666666666666665
0.85,0.15000000000000002,46,5,3.1696,0.6818181818181818,0.46363636363636357,0.08181818181818176,0.015151515151515102,0.15624999999999967
0.85,0.15000000000000002,47,7,4.2288,0.6272727272727273,0.3545454545454545,0.019480519480519525,-0.0545454545454544,
0.85,0.15000000000000002,48,5,2.7808,0.6545454545454545,0.27272727272727265,0.02545454545454546,0.03939393939393936,0.6074766355140184
0.85,0.15000000000000002,49,6,3.1904,0.9,0.3909090909090909,0.153030303030303,0.12727272727272726,0.454054054054054
0.9,0.09999999999999998,0,5,2.3872,0.8454545454545455,0.32727272727272727,0.14545454545454536,0.12727272727272723,0.46666666666666673
0.9,0.09999999999999998,1,6,3.4912,0.8909090909090909,0.44545454545454544,0.048484848484848415,0.0909090909090908,0.6521739130434784
0.9,0.09999999999999998,2,7,3.2688,0.8727272727272727,0.3545454545454545,0.1467532467532467,0.1181818181818181,0.44607843137254893
0.9,0.09999999999999998,3,6,3.1856,0.8363636363636363,0.3454545454545454,0.08939393939393929,0.11363636363636355,0.5597014925373135
0.9,0.09999999999999998,4,5,3.36,0.7181818181818181,0.2818181818181818,0.13272727272727264,0.0575757575757575,0.3025477707006368
0.9,0.09999999999999998,5,3,1.8032,0.8272727272727273,0.49090909090909085,0.10606060606060601,0.04363636363636362,0.29149797570850206
0.9,0.09999999999999998,6,7,3.048,0.8818181818181818,0.3363636363636363,0.07532467532467531,0.0,0.0
0.9,0.09999999999999998,7,7,1.0624,0.8363636363636363,0.20909090909090908,0.04155844155844147,-0.0090909090909091,-0.28000000000000114
0.9,0.09999999999999998,8,5,2.9808,0.8,0.2727272727272727,0.08727272727272731,0.06969696969696973,0.444015444015444
0.9,0.09999999999999998,9,7,3.5792,0.7181818181818181,0.3454545454545454,0.10129870129870124,0.009090909090909,0.08235294117646988
0.9,0.09999999999999998,10,8,4.0512,0.7454545454545455,0.3727272727272727,0.061363636363636336,,
0.9,0.09999999999999998,11,4,0.7328,0.9454545454545454,0.3636363636363636,0.15909090909090906,0.03636363636363635,0.18604651162790695
0.9,0.09999999999999998,12,5,1.7952,0.9454545454545454,0.27272727272727265,0.17272727272727267,0.024242424242424232,0.12307692307692307
0.9,0.09999999999999998,13,5,1.7456,0.9,0.40909090909090906,0.1036363636363636,0.0545454545454545,0.34482758620689646
0.9,0.09999999999999998,14,5,3.6928,0.7181818181818181,0.3636363636363636,0.0981818181818181,0.08181818181818173,0.45454545454545453
0.9,0.09999999999999998,15,5,3.1392,0.7545454545454545,0.2909090909090909,0.06909090909090901,0.07272727272727267,0.5128205128205129
0.9,0.09999999999999998,16,8,2.8192,0.8272727272727273,0.3363636363636363,0.14318181818181813,,
0.9,0.09999999999999998,17,4,0.904,0.9272727272727272,0.2727272727272727,0.14318181818181813,0.06590909090909085,0.31521739130434767
0.9,0.09999999999999998,18,7,1.9472,0.9181818181818182,0.39999999999999997,0.07922077922077919,-0.0181818181818181,-0.29787234042553035
0.9,0.09999999999999998,19,7,3.016,0.7090909090909091,0.32727272727272727,0.07012987012987008,0.1727272727272727,0.7112299465240643
0.9,0.09999999999999998,20,5,4.0144,0.6636363636363637,0.24545454545454543,0.12000000000000002,0.0393939393939394,0.247148288973384
0.9,0.09999999999999998,21,4,3.5152,0.5454545454545454,0.21818181818181817,0.0136363636363636,0.09772727272727265,0.8775510204081635
0.9,0.09999999999999998,22,5,2.792,0.8090909090909091,0.40909090909090906,0.17090909090909087,0.0818181818181818,0.3237410071942446
0.9,0.09999999999999998,23,6,3.8912,0.6636363636363637,0.3363636363636363,0.08787878787878789,0.08181818181818185,0.4821428571428572
0.9,0.09999999999999998,24,7,2.8944,0.8,0.3181818181818182,0.07142857142857147,-0.0363636363636362,-1.0370370370370265
0.9,0.09999999999999998,25,8,3.168,0.7272727272727273,0.3363636363636363,0.09545454545454543,,
0.9,0.09999999999999998,26,4,3.3056,0.7272727272727273,0.26363636363636356,0.043181818181818155,0.11818181818181812,0.7323943661971832
0.9,0.09999999999999998,27,8,3.8256,0.4272727272727272,0.24545454545454543,0.035227272727272704,,
0.9,0.09999999999999998,28,5,2.5792,0.9,0.409090909090909,0.08727272727272721,0.06363636363636363,0.421686746987952
0.9,0.09999999999999998,29,7,4.1312,0.6090909090909091,0.2545454545454545,0.12987012987012989,0.0727272727272727,0.35897435897435886
0.9,0.09999999999999998,30,7,3.216,0.8181818181818182,0.40909090909090906,0.1,0.0818181818181819,0.45000000000000023
0.9,0.09999999999999998,31,3,0.5168,1.0,0.29999999999999993,0.10606060606060602,0.05999999999999998,0.3613138686131387
0.9,0.09999999999999998,32,8,3.5728,0.6,0.47272727272727266,0.015909090909090887,,
0.9,0.09999999999999998,33,8,2.5776,0.8818181818181818,0.5272727272727272,0.060227272727272685,,
0.9,0.09999999999999998,34,6,3.7264,0.6545454545454545,0.2727272727272727,0.09848484848484845,0.07727272727272724,0.4396551724137931
0.9,0.09999999999999998,35,6,3.12,0.8272727272727273,0.3909090909090909,0.11666666666666663,0.08636363636363631,0.4253731343283581
0.9,0.09999999999999998,36,4,0.8368,0.8545454545454545,0.29999999999999993,0.159090909090909,0.054545454545454494,0.25531914893617014
0.9,0.09999999999999998,37,5,3.3424,0.6181818181818182,0.24545454545454543,0.034545454545454504,0.0242424242424242,0.4123711340206184
0.9,0.09999999999999998,38,5,1.0912,0.9545454545454546,0.409090909090909,0.14545454545454545,0.04545454545454547,0.23809523809523817
0.9,0.09999999999999998,39,7,2.9776,0.8727272727272727,0.409090909090909,0.0272727272727272,0.0636363636363636,0.7000000000000005
0.9,0.09999999999999998,40,5,2.4496,0.9636363636363636,0.43636363636363634,0.13272727272727267,0.11212121212121211,0.45792079207920805
0.9,0.09999999999999998,41,7,2.4368,0.9090909090909092,0.40909090909090906,0.1181818181818181,0.0363636363636363,0.23529411764705863
0.9,0.09999999999999998,42,5,1.1328,0.9363636363636364,0.44545454545454544,0.05636363636363637,0.0454545454545455,0.4464285714285717
0.9,0.09999999999999998,43,6,1.7248,0.8636363636363636,0.2545454545454545,0.17121212121212118,0.02272727272727275,0.11718750000000012
0.9,0.09999999999999998,44,8,1.9856,0.9454545454545454,0.44545454545454544,0.061363636363636315,,
0.9,0.09999999999999998,45,6,3.3664,0.8818181818181818,0.4999999999999999,0.05909090909090908,0.08181818181818175,0.5806451612903225
0.9,0.09999999999999998,46,7,3.5648,0.6909090909090909,0.32727272727272727,0.057142857142857086,0.0454545454545454,0.4430379746835442
0.9,0.09999999999999998,47,8,3.1872,0.9545454545454546,0.5181818181818182,0.07727272727272727,,
0.9,0.09999999999999998,48,6,2.2512,0.9181818181818182,0.3818181818181817,0.08333333333333333,0.0909090909090909,0.5217391304347826
0.9,0.09999999999999998,49,6,3.1904,0.6454545454545455,0.3454545454545454,0.053030303030303046,5.204170427930421e-17,9.81357852124021e-16
0.925,0.07499999999999996,0,6,1.7536,0.990909090909091,0.43636363636363634,0.11212121212121212,0.0454545454545455,0.28846153846153866
0.925,0.07499999999999996,1,6,3.5088,0.5818181818181818,0.2545454545454545,0.03030303030303025,0.05454545454545445,0.6428571428571429
0.925,0.07499999999999996,2,7,1.9408,0.8909090909090909,0.2636363636363636,0.1181818181818181,0.0363636363636363,0.23529411764705863
0.925,0.07499999999999996,3,6,1.352,0.8454545454545455,0.309090909090909,0.1636363636363636,0.07727272727272724,0.320754716981132
0.925,0.07499999999999996,4,5,0.7872,0.8818181818181818,0.41818181818181815,0.07454545454545455,0.0272727272727273,0.267857142857143
0.925,0.07499999999999996,5,4,0.9808,0.8727272727272727,0.2909090909090909,0.17954545454545448,0.049999999999999926,0.21782178217821763
0.925,0.07499999999999996,6,7,3.1888,0.7909090909090909,0.3636363636363636,0.10259740259740255,0.0636363636363636,0.3828125
0.925,0.07499999999999996,7,7,3.432,0.5909090909090909,0.29999999999999993,0.04285714285714287,0.1272727272727273,0.748091603053435
0.925,0.07499999999999996,8,4,3.168,0.6454545454545455,0.2636363636363636,0.09545454545454543,0.07045454545454548,0.42465753424657554
0.925,0.07499999999999996,9,5,1.688,0.9090909090909092,0.20909090909090908,0.09272727272727264,0.05454545454545451,0.3703703703703704
0.925,0.07499999999999996,10,5,1.7136,0.8,0.3909090909090909,0.08181818181818182,0.054545454545454536,0.39999999999999997
0.925,0.07499999999999996,11,5,0.6992,1.0,0.29999999999999993,0.06909090909090906,0.0303030303030303,0.30487804878048785
0.925,0.07499999999999996,12,4,1.5664,0.9727272727272728,0.2818181818181818,0.13181818181818183,0.15,0.5322580645161289
0.925,0.07499999999999996,13,6,3.2992,0.8454545454545455,0.2727272727272727,0.13787878787878785,0.1045454545454545,0.4312499999999999
0.925,0.07499999999999996,14,8,2.4064,0.9363636363636364,0.6,0.09090909090909091,,
0.925,0.07499999999999996,15,6,2.7424,0.6,0.3818181818181817,0.04090909090909089,0.01363636363636355,0.24999999999999892
0.925,0.07499999999999996,16,8,2.6896,0.7636363636363637,0.3545454545454545,0.011363636363636374,,
0.925,0.07499999999999996,17,7,2.8176,0.7545454545454545,0.3545454545454545,0.15064935064935053,0.1272727272727272,0.4579439252336449
0.925,0.07499999999999996,18,6,3.3904,0.6181818181818182,0.2909090909090909,0.053030303030303004,-4.9439619065339e-17,-9.322899595178226e-16
0.925,0.07499999999999996,19,6,2.7792,0.8181818181818182,0.3636363636363636,0.07878787878787875,0.1363636363636364,0.6338028169014087
0.925,0.07499999999999996,20,7,2.2656,0.9090909090909092,0.5636363636363636,0.05324675324675317,0.009090909090909,0.1458333333333323
0.925,0.07499999999999996,21,7,2.5264,0.6727272727272727,0.23636363636363633,0.09740259740259738,0.1272727272727273,0.5664739884393064
0.925,0.07499999999999996,22,7,2.9664,0.7454545454545455,0.3090909090909091,0.0805194805194805,0.0636363636363637,0.4414414414414417
0.925,0.07499999999999996,23,7,2.9776,0.7909090909090909,0.46363636363636357,0.08961038961038954,0.0181818181818181,0.1686746987951802
0.925,0.07499999999999996,24,7,2.0576,0.9272727272727272,0.42727272727272725,0.1428571428571428,0.109090909090909,0.4329896907216494
0.925,0.07499999999999996,25,6,3.3776,0.7363636363636363,0.3181818181818181,0.05757575757575752,0.04090909090909085,0.4153846153846153
0.925,0.07499999999999996,26,6,2.0448,0.9636363636363636,0.4545454545454545,0.16363636363636358,0.05,0.23404255319148945
0.925,0.07499999999999996,27,5,2.1568,0.6545454545454545,0.2545454545454545,0.13454545454545455,-0.003030303030303033,-0.0230414746543779
0.925,0.07499999999999996,28,7,2.5328,0.8545454545454545,0.44545454545454544,0.0298701298701298,0.0,0.0
0.925,0.07499999999999996,29,5,2.5568,0.7545454545454545,0.32727272727272727,0.04363636363636356,-0.030303030303030266,-2.272727272727276
0.925,0.07499999999999996,30,5,1.7344,0.9272727272727272,0.5363636363636364,0.15999999999999992,0.05454545454545447,0.25423728813559304
0.925,0.07499999999999996,31,6,2.736,0.8181818181818182,0.3363636363636363,0.14545454545454548,0.08181818181818185,0.36000000000000004
0.925,0.07499999999999996,32,6,2.8656,0.8363636363636363,0.4545454545454545,0.11969696969696962,0.12272727272727266,0.5062500000000001
0.925,0.07499999999999996,33,7,1.9408,0.9,0.43636363636363634,0.12727272727272723,0.0454545454545455,0.26315789473684237
0.925,0.07499999999999996,34,6,2.24,0.8909090909090909,0.3181818181818182,0.14999999999999994,0.0136363636363636,0.08333333333333316
0.925,0.07499999999999996,35,3,0.216,1.0,0.2545454545454545,0.09393939393939389,0.08545454545454544,0.4763513513513514
0.925,0.07499999999999996,36,8,3.496,0.7545454545454545,0.2727272727272727,0.13522727272727264,,
0.925,0.07499999999999996,37,6,2.4464,0.7454545454545455,0.3454545454545454,0.10454545454545454,0.08181818181818179,0.43902439024390233
0.925,0.07499999999999996,38,8,3.0048,0.7909090909090909,0.39999999999999997,0.10454545454545451,,
0.925,0.07499999999999996,39,6,2.576,0.8636363636363636,0.41818181818181815,0.15757575757575754,0.04999999999999995,0.240875912408759
0.925,0.07499999999999996,40,4,1.84,0.9272727272727272,0.5454545454545454,0.09545454545454538,0.07272727272727264,0.43243243243243235
0.925,0.07499999999999996,41,6,3.296,0.7727272727272727,0.1909090909090909,0.06818181818181812,0.10909090909090904,0.6153846153846155
0.925,0.07499999999999996,42,3,0.8848,0.8454545454545455,0.41818181818181815,0.1484848484848485,0.08545454545454544,0.36528497409326416
0.925,0.07499999999999996,43,7,3.4448,0.6545454545454545,0.3454545454545454,0.027272727272727216,0.0,0.0
0.925,0.07499999999999996,44,8,2.8704,0.8545454545454545,0.3636363636363636,0.09772727272727262,,
0.925,0.07499999999999996,45,8,2.6288,0.7272727272727273,0.3181818181818182,0.05568181818181814,,
0.925,0.07499999999999996,46,8,2.8432,0.9545454545454546,0.409090909090909,0.11477272727272728,,
0.925,0.07499999999999996,47,4,1.4208,0.9545454545454546,0.43636363636363634,0.17500000000000002,0.020454545454545423,0.10465116279069753
0.925,0.07499999999999996,48,5,3.712,0.8545454545454545,0.42727272727272725,0.12181818181818174,0.06060606060606053,0.33222591362126236
0.925,0.07499999999999996,49,6,1.904,0.8181818181818182,0.3545454545454545,0.1272727272727273,0.1090909090909091,0.4615384615384615
0.95,0.050000000000000044,0,4,1.0768,0.9,0.5272727272727272,0.07272727272727272,0.0659090909090909,0.4754098360655738
0.95,0.050000000000000044,1,5,2.7376,0.6545454545454545,0.2818181818181818,0.15090909090909088,0.10303030303030297,0.4057279236276849
0.95,0.050000000000000044,2,6,0.752,0.8909090909090909,0.2727272727272727,0.12727272727272718,0.031818181818181746,0.19999999999999976
0.95,0.050000000000000044,3,3,3.072,0.7,0.19090909090909086,0.14848484848484841,0.08363636363636354,0.3603133159268928
0.95,0.050000000000000044,4,6,2.4816,0.7818181818181819,0.47272727272727266,0.09696969696969694,0.07272727272727275,0.42857142857142877
0.95,0.050000000000000044,5,3,1.2048,0.9181818181818182,0.4545454545454545,0.2090909090909091,0.1254545454545454,0.37499999999999994
0.95,0.050000000000000044,6,6,2.3056,0.7545454545454545,0.39999999999999997,0.15151515151515146,0.040909090909090895,0.2125984251968504
0.95,0.050000000000000044,7,5,2.56,0.8,0.3181818181818182,0.06727272727272726,0.10909090909090909,0.6185567010309279
0.95,0.050000000000000044,8,5,3.0672,0.6272727272727273,0.3181818181818182,0.038181818181818136,0.027272727272727268,0.4166666666666669
0.95,0.050000000000000044,9,6,3.3168,0.7363636363636363,0.3363636363636363,0.06060606060606053,0.08636363636363631,0.5876288659793816
0.95,0.050000000000000044,10,6,1.7056,0.9181818181818182,0.2636363636363636,0.23636363636363636,0.022727272727272797,0.08771929824561428
0.95,0.050000000000000044,11,6,2.3456,0.9545454545454546,0.4545454545454545,0.06515151515151517,0.040909090909090895,0.38571428571428557
0.95,0.050000000000000044,12,3,0.2416,0.9,0.23636363636363633,0.08484848484848484,0.10181818181818178,0.5454545454545454
0.95,0.050000000000000044,13,7,2.272,0.9545454545454546,0.5,0.03766233766233766,-0.0181818181818181,-0.9333333333333254
0.95,0.050000000000000044,14,4,1.0048,0.9636363636363636,0.3454545454545454,0.09545454545454543,0.10454545454545446,0.5227272727272725
0.95,0.050000000000000044,15,6,2.4624,0.6636363636363637,0.22727272727272724,0.10909090909090913,0.0727272727272727,0.3999999999999998
0.95,0.050000000000000044,16,4,0.9216,0.8636363636363636,0.3818181818181817,0.09318181818181823,-0.015909090909090852,-0.20588235294117543
0.95,0.050000000000000044,17,6,1.0064,0.8727272727272727,0.32727272727272727,0.13939393939393932,0.0454545454545454,0.24590163934426218
0.95,0.050000000000000044,18,7,2.2352,0.8818181818181818,0.42727272727272725,0.10909090909090906,0.0272727272727273,0.2000000000000002
0.95,0.050000000000000044,19,5,1.9712,0.7818181818181819,0.3454545454545454,0.09272727272727271,0.030303030303030266,0.24630541871921163
0.95,0.050000000000000044,20,4,2.5152,0.7636363636363637,0.3727272727272727,0.11590909090909095,0.02500000000000002,0.17741935483870974
0.95,0.050000000000000044,21,2,0.648,0.9636363636363636,0.3181818181818181,0.2636363636363636,0.11363636363636358,0.30120481927710835
0.95,0.050000000000000044,22,5,0.6816,0.9363636363636364,0.19999999999999998,0.09636363636363639,0.0606060606060606,0.38610038610038605
0.95,0.050000000000000044,23,7,1.8304,0.8818181818181818,0.32727272727272727,0.059740259740259725,-0.0363636363636363,-1.5555555555555496
0.95,0.050000000000000044,24,7,0.776,1.0,0.42727272727272725,0.06623376623376619,0.0,0.0
0.95,0.050000000000000044,25,7,3.6528,0.5636363636363636,0.24545454545454543,0.0532467532467532,-0.0545454545454545,
0.95,0.050000000000000044,26,2,0.3424,0.9636363636363636,0.3363636363636363,0.1272727272727272,0.06363636363636362,0.3333333333333334
0.95,0.050000000000000044,27,2,0.2336,1.0,0.3818181818181817,0.15,0.08939393939393936,0.3734177215189873
0.95,0.050000000000000044,28,6,3.4624,0.7090909090909091,0.3181818181818182,0.07272727272727267,0.027272727272727254,0.27272727272727276
0.95,0.050000000000000044,29,6,1.9392,0.8727272727272727,0.309090909090909,0.1484848484848484,0.07272727272727265,0.32876712328767116
0.95,0.050000000000000044,30,6,1.8944,0.8818181818181818,0.3636363636363636,0.07424242424242421,0.0227272727272727,0.2343749999999999
0.95,0.050000000000000044,31,6,3.392,0.6363636363636364,0.309090909090909,0.0848484848484848,0.0772727272727272,0.47663551401869153
0.95,0.050000000000000044,32,5,2.6672,0.8090909090909091,0.32727272727272727,0.09818181818181813,0.13939393939393932,0.5867346938775511
0.95,0.050000000000000044,33,7,2.2688,0.7272727272727273,0.3363636363636363,0.09480519480519475,0.0545454545454545,0.36521739130434777
0.95,0.050000000000000044,34,4,2.4512,0.6818181818181818,0.309090909090909,0.16818181818181813,0.05227272727272723,0.23711340206185558
0.95,0.050000000000000044,35,1,0.0992,0.9090909090909092,0.3545454545454545,0.1363636363636363,0.06103896103896099,0.3092105263157894
0.95,0.050000000000000044,36,7,2.0496,0.8727272727272727,0.3727272727272727,0.10259740259740249,0.0454545454545454,0.30701754385964913
0.95,0.050000000000000044,37,6,2.8288,0.6181818181818182,0.3636363636363636,0.06666666666666661,0.0772727272727272,0.5368421052631579
0.95,0.050000000000000044,38,4,3.4576,0.509090909090909,0.3363636363636363,0.11136363636363628,0.049999999999999926,0.30985915492957733
0.95,0.050000000000000044,39,3,1.6624,0.9363636363636364,0.44545454545454544,0.1212121212121212,0.08545454545454546,0.41348973607038125
0.95,0.050000000000000044,40,7,1.9168,0.8272727272727273,0.22727272727272724,0.10389610389610386,0.0,0.0
0.95,0.050000000000000044,41,3,0.12,1.0,0.20909090909090908,0.0909090909090909,0.038181818181818164,0.2957746478873239
0.95,0.050000000000000044,42,6,1.736,0.9727272727272728,0.23636363636363633,0.12575757575757576,0.1181818181818182,0.484472049689441
0.95,0.050000000000000044,43,3,0.8752,0.9636363636363636,0.309090909090909,0.18181818181818177,0.08909090909090904,0.3288590604026845
0.95,0.050000000000000044,44,2,0.936,1.0,0.3363636363636363,0.11363636363636359,0.09393939393939392,0.45255474452554745
0.95,0.050000000000000044,45,6,3.456,0.8363636363636363,0.3181818181818182,0.10151515151515143,0.0954545454545454,0.48461538461538467
0.95,0.050000000000000044,46,5,2.9408,0.7909090909090909,0.309090909090909,0.07272727272727267,0.07272727272727267,0.5
0.95,0.050000000000000044,47,5,1.7568,0.7363636363636363,0.44545454545454544,0.13454545454545447,-0.009090909090909134,-0.07246376811594243
0.95,0.050000000000000044,48,2,0.512,1.0,0.40909090909090906,0.1863636363636363,0.07424242424242422,0.28488372093023256
0.95,0.050000000000000044,49,7,1.9424,0.8545454545454545,0.40909090909090906,0.08701298701298694,-0.0545454545454545,-1.68
0.975,0.025000000000000022,0,5,0.8736,0.9,0.309090909090909,0.14727272727272728,0.0545454545454545,0.2702702702702701
0.975,0.025000000000000022,1,6,3.8896,0.6,0.3363636363636363,0.14090909090909085,0.12272727272727266,0.46551724137931033
0.975,0.025000000000000022,2,5,0.3184,0.9181818181818182,0.2727272727272727,0.07636363636363634,0.03939393939393947,0.3403141361256549
0.975,0.025000000000000022,3,6,2.5856,0.8545454545454545,0.3636363636363636,0.12121212121212115,0.1863636363636363,0.6059113300492611
0.975,0.025000000000000022,4,6,3.6352,0.7272727272727273,0.24545454545454543,0.1424242424242424,0.12727272727272726,0.4719101123595506
0.975,0.025000000000000022,5,5,2.3088,0.8090909090909091,0.4545454545454545,0.07818181818181814,0.09393939393939389,0.545774647887324
0.975,0.025000000000000022,6,6,1.4224,0.8727272727272727,0.3636363636363636,0.08030303030303025,0.0499999999999999,0.3837209302325578
0.975,0.025000000000000022,7,7,3.6688,0.6272727272727273,0.32727272727272727,0.11558441558441561,0.0,0.0
0.975,0.025000000000000022,8,4,0.8752,1.0,0.2909090909090909,0.0636363636363636,0.06818181818181818,0.517241379310345
0.975,0.025000000000000022,9,7,3.0096,0.7818181818181819,0.3636363636363636,0.0987012987012987,0.1181818181818181,0.5449101796407184
0.975,0.025000000000000022,10,6,2.9696,0.5636363636363636,0.2818181818181818,0.06060606060606055,0.03181818181818175,0.344262295081967
0.975,0.025000000000000022,11,8,3.8864,0.8,0.48181818181818176,0.07613636363636361,,
0.975,0.025000000000000022,12,7,3.0768,0.7818181818181819,0.44545454545454544,0.03246753246753247,0.0181818181818181,0.358974358974358
0.975,0.025000000000000022,13,5,2.44,0.9272727272727272,0.4545454545454545,0.2127272727272727,0.08484848484848477,0.28513238289205683
0.975,0.025000000000000022,14,6,3.1312,0.8727272727272727,0.4545454545454545,0.08181818181818172,0.05454545454545445,0.39999999999999986
0.975,0.025000000000000022,15,5,0.6512,1.0,0.44545454545454544,0.05454545454545454,0.0303030303030303,0.35714285714285715
0.975,0.025000000000000022,16,3,1.8528,0.9363636363636364,0.42727272727272725,0.25757575757575757,0.13454545454545452,0.34312210200927357
0.975,0.025000000000000022,17,5,2.4784,0.7545454545454545,0.2909090909090909,0.0872727272727272,0.1181818181818181,0.5752212389380532
0.975,0.025000000000000022,18,4,2.1584,0.8454545454545455,0.3454545454545454,0.1295454545454545,0.04318181818181815,0.24999999999999992
0.975,0.025000000000000022,19,8,2.704,0.8272727272727273,0.39999999999999997,0.07045454545454542,,
0.975,0.025000000000000022,20,6,1.8384,0.990909090909091,0.39999999999999997,0.0863636363636364,0.04090909090909095,0.3214285714285715
0.975,0.025000000000000022,21,7,3.0656,0.8181818181818182,0.32727272727272727,0.13246753246753248,0.0181818181818181,0.12068965517241331
0.975,0.025000000000000022,22,8,1.5904,0.8363636363636363,0.3363636363636363,0.04999999999999993,,
0.975,0.025000000000000022,23,4,1.0016,0.9818181818181818,0.3636363636363636,0.1818181818181818,0.0909090909090909,0.3333333333333333
0.975,0.025000000000000022,24,6,1.456,0.990909090909091,0.41818181818181815,0.12727272727272732,0.040909090909090895,0.24324324324324312
0.975,0.025000000000000022,25,5,2.8752,0.7454545454545455,0.2545454545454545,0.02545454545454546,0.08181818181818178,0.7627118644067795
0.975,0.025000000000000022,26,6,2.3264,0.8636363636363636,0.40909090909090906,0.1984848484848485,0.1227272727272727,0.3820754716981132
0.975,0.025000000000000022,27,8,3.1792,0.8272727272727273,0.32727272727272727,0.09772727272727266,,
0.975,0.025000000000000022,28,4,3.3984,0.7727272727272727,0.2636363636363636,0.10909090909090906,0.06818181818181812,0.38461538461538447
0.975,0.025000000000000022,29,6,2.8704,0.8090909090909091,0.39999999999999997,0.08787878787878778,0.09090909090909084,0.5084745762711865
0.975,0.025000000000000022,30,7,2.4416,0.9363636363636364,0.2909090909090909,0.12077922077922078,0.1272727272727273,0.5130890052356021
0.975,0.025000000000000022,31,6,1.888,0.9454545454545454,0.3363636363636363,0.1363636363636363,0.0318181818181818,0.18918918918918917
0.975,0.025000000000000022,32,6,3.0592,0.7818181818181819,0.44545454545454544,0.10606060606060608,0.09545454545454549,0.4736842105263158
0.975,0.025000000000000022,33,5,2.8432,0.8363636363636363,0.3454545454545454,0.149090909090909,0.12121212121212115,0.4484304932735426
0.975,0.025000000000000022,34,5,3.5408,0.5636363636363636,0.2545454545454545,0.050909090909090834,0.009090909090909066,0.15151515151515135
0.975,0.025000000000000022,35,7,1.4,0.8545454545454545,0.20909090909090908,0.109090909090909,0.0363636363636362,0.24999999999999933
0.975,0.025000000000000022,36,7,3.08,0.4818181818181818,0.2545454545454545,0.06363636363636359,0.0999999999999999,0.611111111111111
0.975,0.025000000000000022,37,6,2.5136,0.6181818181818182,0.2818181818181818,0.0833333333333333,-0.00909090909090905,-0.12244897959183618
0.975,0.025000000000000022,38,6,1.568,0.9,0.3545454545454545,0.13333333333333328,0.0454545454545455,0.2542372881355935
0.975,0.025000000000000022,39,4,1.9584,0.9545454545454546,0.5181818181818182,0.14090909090909093,0.03863636363636365,0.21518987341772156
0.975,0.025000000000000022,40,6,3.448,0.6909090909090909,0.39999999999999997,0.06363636363636359,0.1181818181818182,0.6500000000000002
0.975,0.025000000000000022,41,6,3.6688,0.4636363636363636,0.21818181818181817,0.03030303030303025,0.0,0.0
0.975,0.025000000000000022,42,6,1.152,0.8545454545454545,0.2727272727272727,0.062121212121212015,0.0409090909090908,0.3970588235294116
0.975,0.025000000000000022,43,8,2.3536,0.9,0.23636363636363633,0.1659090909090909,,
0.975,0.025000000000000022,44,6,2.128,0.9636363636363636,0.2818181818181818,0.13333333333333328,0.0409090909090909,0.23478260869565223
0.975,0.025000000000000022,45,6,2.3616,1.0,0.509090909090909,0.15909090909090906,0.0363636363636363,0.18604651162790675
0.975,0.025000000000000022,46,7,2.2256,0.9272727272727272,0.3090909090909091,0.18311688311688304,0.0636363636363636,0.25789473684210523
0.975,0.025000000000000022,47,7,0.688,1.0,0.3727272727272727,0.06623376623376621,0.0,0.0
0.975,0.025000000000000022,48,6,0.9808,0.9363636363636364,0.48181818181818176,0.07727272727272726,0.0363636363636364,0.3200000000000003
0.975,0.025000000000000022,49,8,3.5344,0.6727272727272727,0.3454545454545454,0.17272727272727273,,
0.99,0.010000000000000009,0,3,0.6176,0.9545454545454546,0.3727272727272727,0.30909090909090914,0.11818181818181821,0.2765957446808511
0.99,0.010000000000000009,1,8,2.7264,0.8818181818181818,0.46363636363636357,0.12159090909090907,,
0.99,0.010000000000000009,2,5,2.4592,0.8,0.3818181818181818,0.18363636363636365,0.14545454545454542,0.44198895027624296
0.99,0.010000000000000009,3,6,1.7648,0.8454545454545455,0.5454545454545454,0.14999999999999997,0.054545454545454494,0.2666666666666665
0.99,0.010000000000000009,4,3,1.3312,0.9636363636363636,0.5,0.13030303030303025,0.07272727272727265,0.35820895522388047
0.99,0.010000000000000009,5,4,1.1408,0.9090909090909092,0.3545454545454545,0.16363636363636352,0.05454545454545448,0.24999999999999992
0.99,0.010000000000000009,6,5,1.3728,0.9363636363636364,0.3727272727272727,0.13454545454545452,0.048484848484848464,0.2649006622516556
0.99,0.010000000000000009,7,6,2.9072,0.8818181818181818,0.5272727272727272,0.21969696969696964,0.08636363636363635,0.2821782178217822
0.99,0.010000000000000009,8,8,2.8224,0.8727272727272727,0.2545454545454545,0.15454545454545446,,
0.99,0.010000000000000009,9,7,2.4096,0.7909090909090909,0.3454545454545454,0.1558441558441558,0.1545454545454545,0.497907949790795
0.99,0.010000000000000009,10,7,2.8272,0.8636363636363636,0.3363636363636363,0.15194805194805197,0.1909090909090909,0.5568181818181818
0.99,0.010000000000000009,11,8,3.0032,0.7727272727272727,0.43636363636363634,0.11022727272727267,,
0.99,0.010000000000000009,13,5,1.192,1.0,0.3909090909090909,0.07272727272727271,0.0333333333333333,0.3142857142857141
0.99,0.010000000000000009,14,6,2.0416,0.9454545454545454,0.41818181818181815,0.18181818181818177,0.0227272727272727,0.11111111111111102
0.99,0.010000000000000009,15,5,2.0784,0.7818181818181819,0.47272727272727266,0.10727272727272727,-0.018181818181818132,-0.20408163265306056
0.99,0.010000000000000009,16,7,2.0336,0.990909090909091,0.5727272727272726,0.04025974025974028,-0.009090909090909,-0.29166666666666274
0.99,0.010000000000000009,17,7,2.5744,0.8272727272727273,0.309090909090909,0.13376623376623376,0.1090909090909091,0.44919786096256686
0.99,0.010000000000000009,18,8,2.4208,0.9181818181818182,0.29999999999999993,0.1352272727272727,,
0.99,0.010000000000000009,20,7,3.0256,0.9727272727272728,0.509090909090909,0.1077922077922078,0.0090909090909091,0.07777777777777783
0.99,0.010000000000000009,21,6,1.8096,0.8090909090909091,0.2818181818181818,0.14090909090909087,0.0863636363636363,0.37999999999999984
0.99,0.010000000000000009,22,4,2.152,0.8818181818181818,0.3727272727272727,0.13409090909090907,0.08863636363636362,0.3979591836734694
0.99,0.010000000000000009,23,6,3.3808,0.7636363636363637,0.3909090909090909,0.23181818181818184,0.05909090909090915,0.20312500000000014
0.99,0.010000000000000009,24,2,0.4112,0.9545454545454546,0.46363636363636357,0.19545454545454544,0.08181818181818183,0.2950819672131148
0.99,0.010000000000000009,26,7,2.7008,0.8545454545454545,0.43636363636363634,0.12597402597402588,0.0636363636363636,0.33561643835616445
0.99,0.010000000000000009,27,7,1.4896,0.8454545454545455,0.2727272727272727,0.028571428571428584,0.0181818181818181,0.38888888888888773
0.99,0.010000000000000009,28,7,1.7968,0.9727272727272728,0.32727272727272727,0.04805194805194806,0.0545454545454545,0.5316455696202529
0.99,0.010000000000000009,29,6,2.0384,0.8636363636363636,0.4545454545454545,0.06818181818181815,0.0590909090909091,0.46428571428571436
0.99,0.010000000000000009,30,7,2.0016,0.9818181818181818,0.5454545454545454,0.035064935064935014,-0.0090909090909091,-0.35000000000000114
0.99,0.010000000000000009,31,5,1.8528,0.8272727272727273,0.3454545454545454,0.12909090909090906,0.08787878787878788,0.4050279329608939
0.99,0.010000000000000009,32,1,0.0384,0.8181818181818182,0.32727272727272727,0.0545454545454545,0.1025974025974026,0.6528925619834712
0.99,0.010000000000000009,33,3,1.2496,0.9545454545454546,0.42727272727272725,0.096969696969697,0.02000000000000002,0.17098445595854933
0.99,0.010000000000000009,34,8,2.3008,0.7909090909090909,0.32727272727272727,0.1295454545454545,,
0.99,0.010000000000000009,35,5,1.8176,0.8272727272727273,0.3363636363636363,0.11636363636363631,-0.0090909090909091,-0.08474576271186453
0.99,0.010000000000000009,36,7,2.3568,0.9363636363636364,0.44545454545454544,0.09870129870129873,-0.009090909090909,-0.10144927536231768
0.99,0.010000000000000009,38,6,2.8624,0.8818181818181818,0.44545454545454544,0.046969696969696946,0.0090909090909091,0.16216216216216234
0.99,0.010000000000000009,39,6,1.1104,0.9363636363636364,0.3909090909090909,0.11363636363636365,0.0636363636363636,0.3589743589743588
0.99,0.010000000000000009,40,6,2.4656,0.8909090909090909,0.46363636363636357,0.09090909090909087,-0.00909090909090915,-0.11111111111111197
0.99,0.010000000000000009,41,8,3.304,0.7,0.2909090909090909,0.11931818181818174,,
0.99,0.010000000000000009,42,7,2.5552,0.7636363636363637,0.3181818181818182,0.14675324675324677,0.1181818181818181,0.4460784313725488
0.99,0.010000000000000009,43,2,0.0832,0.8090909090909091,0.24545454545454543,0.0954545454545454,0.1333333333333333,0.5827814569536425
0.99,0.010000000000000009,45,4,2.2368,0.7545454545454545,0.3636363636363636,0.07045454545454541,0.08409090909090901,0.5441176470588234
0.99,0.010000000000000009,46,7,2.2032,0.9181818181818182,0.3909090909090909,0.0649350649350649,0.0363636363636363,0.3589743589743587
0.99,0.010000000000000009,47,6,2.5664,0.9090909090909092,0.44545454545454544,0.16060606060606053,0.09999999999999991,0.383720930232558
0.99,0.010000000000000009,48,7,3.4544,0.7545454545454545,0.41818181818181815,0.13506493506493497,0.0363636363636363,0.21212121212121196
0.99,0.010000000000000009,49,8,3.1552,0.7636363636363637,0.4545454545454545,0.05909090909090907,,
0.995,0.0050000000000000044,0,4,2.4368,0.9272727272727272,0.3636363636363636,0.17499999999999993,0.12499999999999994,0.41666666666666663
0.995,0.0050000000000000044,1,6,2.0768,0.9272727272727272,0.42727272727272725,0.13484848484848477,-0.0272727272727272,-0.2535211267605627
0.995,0.0050000000000000044,2,6,2.9616,0.8909090909090909,0.4545454545454545,0.16212121212121203,0.17272727272727267,0.5158371040723982
0.995,0.0050000000000000044,3,7,3.1392,0.9090909090909092,0.3636363636363636,0.1441558441558441,0.0545454545454545,0.27450980392156854
0.995,0.0050000000000000044,4,1,0.5056,0.9454545454545454,0.24545454545454543,0.1272727272727272,0.0558441558441558,0.30496453900709214
0.995,0.0050000000000000044,5,7,2.48,0.9090909090909092,0.42727272727272725,0.15974025974025968,0.009090909090909,0.053846153846153356
0.995,0.0050000000000000044,6,7,3.2752,0.9727272727272728,0.6181818181818182,0.09610389610389612,0.0545454545454545,0.36206896551724116
0.995,0.0050000000000000044,7,6,2.6528,0.6909090909090909,0.4545454545454545,0.11666666666666659,0.0318181818181818,0.2142857142857143
0.995,0.0050000000000000044,8,8,2.1424,0.8272727272727273,0.3181818181818182,0.19659090909090904,,
0.995,0.0050000000000000044,9,6,2.2784,0.9545454545454546,0.39999999999999997,0.1287878787878788,0.06818181818181815,0.346153846153846
0.995,0.0050000000000000044,10,4,2.8928,0.9363636363636364,0.5727272727272726,0.16363636363636364,0.08636363636363638,0.3454545454545455
0.995,0.0050000000000000044,11,4,2.6832,0.8181818181818182,0.5272727272727272,0.17499999999999996,0.09318181818181819,0.34745762711864414
0.995,0.0050000000000000044,12,4,0.3072,1.0,0.2909090909090909,0.11818181818181815,0.06818181818181815,0.36585365853658536
0.995,0.0050000000000000044,13,5,1.0768,0.9636363636363636,0.3454545454545454,0.08909090909090903,0.05757575757575753,0.39256198347107435
0.995,0.0050000000000000044,14,5,2.736,0.9454545454545454,0.44545454545454544,0.09636363636363629,0.06060606060606053,0.386100386100386
0.995,0.0050000000000000044,15,3,0.4784,0.9545454545454546,0.3818181818181818,0.13030303030303028,0.027272727272727317,0.17307692307692335
0.995,0.0050000000000000044,16,5,1.5904,0.9363636363636364,0.42727272727272725,0.16363636363636364,0.03636363636363637,0.18181818181818182
0.995,0.0050000000000000044,17,3,0.6592,0.9181818181818182,0.32727272727272727,0.1454545454545454,0.07454545454545454,0.33884297520661166
0.995,0.0050000000000000044,18,7,3.192,0.6272727272727273,0.3545454545454545,0.18701298701298705,0.0636363636363637,0.2538860103626945
0.995,0.0050000000000000044,19,4,2.008,0.7363636363636363,0.3454545454545454,0.18863636363636357,0.109090909090909,0.3664122137404579
0.995,0.0050000000000000044,20,6,2.7648,0.8454545454545455,0.3818181818181817,0.14848484848484844,0.004545454545454505,0.029702970297029455
0.995,0.0050000000000000044,21,6,2.9152,0.8090909090909091,0.3363636363636363,0.15151515151515146,0.07727272727272724,0.33774834437086093
0.995,0.0050000000000000044,22,5,2.0016,0.8454545454545455,0.309090909090909,0.09999999999999998,0.12424242424242422,0.5540540540540541
0.995,0.0050000000000000044,23,5,2.9808,0.9,0.41818181818181815,0.22363636363636363,0.17272727272727273,0.43577981651376146
0.995,0.0050000000000000044,24,7,1.7936,0.9363636363636364,0.32727272727272727,0.12987012987012986,-0.0181818181818181,-0.16279069767441778
0.995,0.0050000000000000044,25,6,1.2592,0.9636363636363636,0.22727272727272724,0.16969696969696965,0.03181818181818175,0.15789473684210503
0.995,0.0050000000000000044,26,3,1.9392,0.9454545454545454,0.4909090909090909,0.1848484848484848,0.08545454545454542,0.3161434977578475
0.995,0.0050000000000000044,27,6,2.312,0.8727272727272727,0.32727272727272727,0.22424242424242416,0.059090909090909,0.20855614973262013
0.995,0.0050000000000000044,28,6,2.096,0.9727272727272728,0.5272727272727272,0.1590909090909091,0.01363636363636365,0.07894736842105271
0.995,0.0050000000000000044,29,3,2.1536,0.8272727272727273,0.49090909090909085,0.21818181818181814,0.11999999999999993,0.35483870967741926
0.995,0.0050000000000000044,30,6,3.2112,0.9545454545454546,0.32727272727272727,0.23333333333333336,0.0545454545454546,0.18947368421052646
0.995,0.0050000000000000044,31,6,2.344,0.9363636363636364,0.39999999999999997,0.10757575757575756,0.0545454545454546,0.3364485981308414
0.995,0.0050000000000000044,32,5,2.584,0.9545454545454546,0.42727272727272725,0.12545454545454549,0.03030303030303033,0.1945525291828795
0.995,0.0050000000000000044,33,2,0.656,0.9272727272727272,0.44545454545454544,0.2227272727272727,0.05909090909090905,0.2096774193548386
0.995,0.0050000000000000044,34,4,0.4544,0.9818181818181818,0.2636363636363636,0.0909090909090909,0.05227272727272719,0.3650793650793648
0.995,0.0050000000000000044,35,4,2.584,0.9090909090909092,0.5363636363636364,0.12272727272727268,0.05909090909090903,0.32499999999999984
0.995,0.0050000000000000044,36,0,0.8544,0.9090909090909092,0.20909090909090908,,0.10909090909090902,
0.995,0.0050000000000000044,37,7,3.2176,0.8454545454545455,0.3727272727272727,0.21298701298701297,0.0454545454545454,0.17587939698492447
0.995,0.0050000000000000044,38,4,2.1168,0.8909090909090909,0.49090909090909085,0.3159090909090908,0.07045454545454535,0.18235294117647044
0.995,0.0050000000000000044,39,5,2.3616,0.9272727272727272,0.5818181818181818,0.1963636363636363,0.09696969696969689,0.3305785123966941
0.995,0.0050000000000000044,40,6,2.2448,0.9454545454545454,0.509090909090909,0.034848484848484816,0.0545454545454545,0.6101694915254238
0.995,0.0050000000000000044,41,6,2.7632,0.8818181818181818,0.3545454545454545,0.24090909090909093,0.0636363636363636,0.2089552238805969
0.995,0.0050000000000000044,42,5,2.8528,0.9090909090909092,0.46363636363636357,0.21090909090909085,0.10303030303030297,0.3281853281853281
0.995,0.0050000000000000044,43,2,0.2864,0.9363636363636364,0.2818181818181818,0.0954545454545455,0.09242424242424241,0.4919354838709675
0.995,0.0050000000000000044,44,5,2.8416,0.8090909090909091,0.48181818181818176,0.23090909090909087,0.045454545454545435,0.16447368421052627
0.995,0.0050000000000000044,45,4,1.6544,0.9090909090909092,0.39999999999999997,0.09090909090909083,0.04772727272727265,0.3442622950819671
0.995,0.0050000000000000044,46,6,2.5824,0.9,0.44545454545454544,0.1909090909090909,0.059090909090909,0.2363636363636361
0.995,0.0050000000000000044,47,3,1.3824,0.9181818181818182,0.3818181818181818,0.27878787878787875,0.08545454545454546,0.23460898502495844
0.995,0.0050000000000000044,48,5,3.128,0.8363636363636363,0.41818181818181815,0.19090909090909083,0.14242424242424234,0.42727272727272725
0.995,0.0050000000000000044,49,5,1.7152,0.9545454545454546,0.39999999999999997,0.13454545454545458,0.09393939393939392,0.41114058355437655
